,malignant_class1,malignant_class2,Tcell,Myeloid,Bcell,Endo,Fibroblast
A2M-AS1,4.6880268130844,3.7204924395237637,26.757891789374128,2.0011586928237284,5.148822276596236,4.061657795025815,3.4171096440102646
ABLIM3,20.32222626961583,6.820163810501236,1.0542518290157699,15.480358844768272,5.407297453827698,245.99243087301437,11.6185410412733
ACAN,0.6819281965743041,9.742680526378551,0.16786826108126868,0.13529660276941102,0.20100856354821078,0.05101695583670462,1.2505744429844294
ACSL6,1.2739505607893211,1.4694493707391565,12.689403476791458,0.3402754196326932,0.7513993820446505,0.8516334813671534,0.7553394931554357
ACTR6,24.61594499142804,17.011386948029873,33.46458664223389,14.963087505880365,20.082677478857647,28.344128731541414,99.76561492905468
ACVR1B,47.49385152297689,23.308173695201955,2.3606316991980556,17.962796982608452,5.738984088023434,13.19865851045141,19.61074841626709
ACVRL1,184.01286914513784,59.706388235694625,1.6157059334512378,13.90081359466201,6.267710977443214,110.55821406361635,63.61370746673898
ADAMDEC1,2.53556789875346,0.12689460815496872,0.35367151095921046,21.869470943415998,0.37120479128020784,0.7457114136376365,2.252808528003139
ADAMTS18,2.098168853385511,1.7822064014985013,0.11185006163027225,0.6950925013250477,0.3803976824059786,61.042251183860955,6.274389361901131
ADGRB3,0.7973442355123808,8.156778060629872,0.06778724974886313,0.10988532518901785,0.20869924361563713,0.6912353843452398,0.3776869327349811
ADGRD2,0.398935433859911,5.573267448448056,0.12394972384443578,0.0831863094856851,0.04984945464696616,0.021071046342647917,0.002160566902334391
ADGRF5,38.05962668384366,14.446452873465038,2.053250327340367,4.744272764298345,9.837559363547113,446.6051967461389,30.98941211763967
ADGRL4,49.587477350376396,15.725927252959671,1.7213956081986568,4.584682170815895,4.023074728115901,529.7965349897125,29.124681101076046
ADH1B,258.83870880494493,189.62089817571353,8.523455358894413,34.164832492212376,43.88446125052244,50.90356828223619,439.4123705499434
AGT,12.31105259242778,165.0914547118206,1.1622415141959523,1.2323310013354565,2.17323716871673,2.133534626110492,23.409811932530555
ALOX15,7.429139566740398,0.07520750518007101,0.060126513298545695,0.2812665861532424,2.7219531136448563,0.18852603430177567,0.7506725392327158
ALOX15B,2.804376788918503,0.3223948801966929,0.12150176151556008,17.500157013518468,0.6278180271557194,1.1285634278621417,1.2855919692422655
AMH,1.0541777852025591,13.459242689295133,0.17790052200950976,0.26234835075952834,0.24506661917550615,0.3774094921191367,1.155324941505927
AMN,1.4916741259592263,0.7240988379654908,1.1378546593115881,0.46334653836332407,13.03877619276136,2.2731917686648493,1.0034289625003714
AMN1,8.880902075639579,7.21059580882321,7.866894374898421,5.945242657961469,12.12889594989316,12.436511852429472,35.0572582796413
ANGPT1,7.16226901529965,28.38120402736437,1.4980370509518461,3.0938985544683355,5.085662018575812,9.206428740887683,69.7481155539684
ANGPTL7,33.975875846762975,2.5552930778536016,0.032494286128385876,0.008069195368666543,3.060796701828951,0.09038764458746583,2.89315678549091
ANKRD55,0.4529907118313337,0.09657288250233263,7.759014209392079,0.12539731131150636,0.32662391341007313,0.17124604976663377,0.08395437697317679
ANO4,0.8420092717492756,7.289194909588476,0.1564231128796266,1.1343073774894028,0.26124342163033804,1.0235399425282763,24.261167630193306
ANXA8,5.581412717901004,0.062378821120966106,0.0,0.0,1.7729900464018238,0.2090490777234773,0.41802158858796107
AP3M2,13.663461884324626,12.530044308134803,86.9142372933027,3.859626105555842,12.901359518565013,12.54994348823805,10.277418967000362
APOD,544.0354915111511,641.4197734485053,19.965086638736807,57.21217064937877,22.599122607957547,394.5801913480415,1971.726068300919
APOLD1,98.60647148192193,65.23884354327016,33.93074280995706,15.845959359842189,71.18291283232823,1302.1502992740348,95.37497437144326
ARHGEF15,5.962154340178589,1.6841120591185337,0.25324387111878394,0.4099782593601404,1.1143639658286237,60.56766412296852,2.183932831309478
ASPHD1,10.658703206088342,1.0298693299692132,0.09779295519073176,1.9902146840199806,2.2657957096734327,0.6971482433015052,1.0760288569315735
ATP23,19.24396056108972,122.08437571741368,4.559116033558649,5.881591177559064,5.209403686097508,7.499794436768341,16.11769217381116
AVIL,38.32937457311184,185.76269987130507,1.875097967322525,6.097292449713295,1.837879700717899,6.2250834463527465,30.770103601914002
AVPR2,2.254185777617032,1.0461114072327102,0.0539997256888782,0.3036766807557359,0.24554724623674293,26.463854796747587,1.366288518498854
AZGP1,0.9622572236917109,3.910606807269022,0.19259916110616287,0.9555580581385528,2.927790625828006,1.6319095977365696,14.139101197518695
B3GNT4,0.09274100349317575,18.445942390527943,0.3136626715480521,0.15826891164821,0.14609556903486634,0.06261209024619689,0.06286546257073486
BANK1,4.092936224903203,2.9092761264608744,0.6315332250498242,2.2628426009987725,169.72798196411003,8.9091546305681,3.9282690749363187
BATF,40.6008999065886,1.5286459050622285,192.65990026920085,19.33564928599394,46.88780149409039,18.398269009504904,11.684345281620056
BCL11A,2.9649493599383274,1.3429281462619336,0.625066590197704,7.912151286592823,123.83525942878146,10.252015358570974,2.4818590318619647
BCL11B,9.946448859657457,4.095557089236887,124.00373787383353,0.6367475234811145,12.262442047864893,5.619783517975703,3.909198834665959
BDKRB1,11.060551401663844,6.642256524286093,0.08580358217839179,0.10925193653008937,4.709067987532828,1.5752945466845736,2.3906409166635396
BET1L,20.75514751321112,19.641436555440233,24.363434141617052,19.536863331643033,16.28085818541544,13.880097578677754,49.420294735695414
BLK,0.9483882630255142,0.10443922381752234,1.6292116859247405,0.08621803934307251,79.71086702369071,2.5038574472542905,0.3921849911094643
BMP6,3.0290227292560847,1.5908948067803501,0.16290735645811338,0.5361001014319144,0.8586706327450859,35.50056824097575,1.6320450042419963
BNC1,5.527887782987799,0.3054664628797176,0.11568963109700262,0.013661183085115883,1.5626032174214723,0.5128308944711942,0.5411123418691799
BOLA1,11.481142229008144,64.7438796761064,5.574845665344283,4.971085009010418,4.716367417748552,10.168130053210586,11.537103800589115
BRINP3,0.32211283073912517,7.891256927916156,0.06947397627692022,0.11285272659890894,0.0,0.03446705234149335,0.7631927934826531
BTNL9,53.512391453502545,14.684936860292376,1.820597509968058,7.456477246993602,20.883059272557777,1008.043953635535,34.07647220112384
C12orf76,20.11195476134159,22.58483125420839,20.592909106154153,14.354742646359181,14.762070041006693,17.207930447768437,52.658773089032096
C1QTNF7,2.905996570237119,2.7492017027546782,0.28978033497423517,0.4395889555114006,1.2028330548037058,0.160279842013148,5.968405707401301
C1QTNF9,2.75242430281741,1.58375960605952,0.17888826633682575,0.2931844039478403,0.06307088614371055,38.59995234298398,2.2972564407664886
C2CD4C,0.712082979628874,0.29853369607584856,0.1329736158702894,0.28498734730974856,0.13987403292783204,12.683567971874313,0.13957294387418961
C3AR1,52.125916050387524,2.9774021034733003,11.841876649638316,311.9877725385996,15.611633438164478,21.093135397605025,47.04914609500054
C5AR1,75.18019563570448,5.297982714275501,5.671664941906085,822.1160207767482,50.619735532889074,82.17818842483523,51.51200186263763
C5AR2,6.759960012926954,1.8903102722429466,0.672143607570095,90.36952641975587,6.0635781052011515,10.244460745778486,4.983092856718025
CA4,20.89654911068456,4.444787158700202,1.4737653534830197,3.071124676267734,6.343460723533455,778.096638208073,21.758810263563724
CACNA1D,1.6343920020796106,13.179085237326582,0.5502851837648589,0.6583189460691876,0.6685833794455203,0.8288496363227192,0.808243955457702
CADM3,5.753093069590667,105.00552948565067,1.0236751780849966,1.0606163034014044,1.1717391323454096,2.029006612578401,16.923276884939863
CALB2,42.17920477106686,0.6108774623491866,0.3202447993518937,1.559041879817246,18.5934819389419,2.778199657404356,8.723088243339074
CAMK4,5.19291120013106,6.680566160727309,54.4445614463453,0.15219362718667223,4.269463069049028,2.3795399559652104,2.173538235816845
CAMP,10.380274208858394,1.3675576442482311,0.17441353086919567,5.702578776154557,2.5973735555919877,1.2939802726561305,0.5165720509201588
CASKIN2,6.985844641663388,5.715912008010743,0.48893158059400466,3.2571938315935993,1.8798904362110322,77.88144058155099,5.6260429637514795
CAVIN2,151.17455563118693,58.73241933807023,5.960906448129418,51.17687129241198,43.43071798352118,1569.1521378199259,82.59525617939666
CCBE1,7.6484069269029575,3.348550455541127,0.3470532898750699,0.469791068001715,1.0401932257018567,0.45856681051565296,1.918314958078353
CCDC141,8.91983955306965,1.4795926001203725,13.606288911876394,64.62608138583688,10.64931127401935,8.748900252995016,9.428782639373514
CCDC152,6.909610402942115,13.262437694481488,7.673235274973269,14.800286836010711,6.753301030593562,5.629916008310671,34.2064576447779
CCDC3,41.72303057760961,4.141845232229903,0.6994992048930498,1.4517073259575353,7.378371369343337,12.970042145238398,7.225308540909607
CCDC68,1.8302943028539542,0.4877100234979026,0.15532478882224962,0.2897924714372293,1.022788625634556,22.980464344049857,1.5443407739023496
CCL18,41.334971481902784,7.8653663427254,4.141429008623992,254.1725178282202,2.9167035879122434,11.29433148272701,20.713089639283925
CCL20,8.500901510802512,2.027288524336996,8.333507784331319,51.46558578076351,5.9675275450525,6.2164237985288535,4.680663052796902
CCL3L3,0.0,0.0,5.227929157248135,72.06057185465785,3.863356408233253,2.618557174089232,0.0
CCL8,20.104907017974803,8.707653470975432,1.896075612206854,170.01929957110937,6.725200596088322,12.157929717572461,35.634854914213555
CCN1,14.118472612814603,32.61486227889256,1.0434503863042637,1.6502180343730664,9.514636977420002,50.981925231120336,112.95355584420992
CCN5,0.4149119986651927,0.09880481644465348,0.19387115821210488,0.24313383498166583,0.4760112796619677,0.08148531430922862,23.216583082132022
CCR1,27.85834804662001,1.5795222049119904,2.8334782795251217,141.97607271955283,5.432866648690478,8.03903299411078,29.590463907012435
CCR4,2.7299744077811585,0.21454303717599324,26.04162471367226,0.11461020603873293,1.186194634928824,0.3482377166115955,0.7655263770109411
CD163,234.13042978402964,9.982349333563262,9.477710973486461,1332.2669579414192,23.309544890308658,46.221684226414006,171.97605375575202
CD163L1,9.650994712445666,0.6880672855515608,0.7357050939823554,60.59230750787174,1.4063274844163909,5.164314285572337,7.9619955261106075
CD19,1.1829102666596678,0.273076814560073,0.06864428145602222,1.1091887801282487,36.16851392522053,0.33068065858214446,0.6980832737185632
CD2,81.77486478555366,6.519375095942827,667.4476842290992,2.877862065654477,30.776808941437906,6.150877373043613,15.886284568172108
CD209,56.81120296316712,4.4264115704116636,1.775496637387287,289.59439101779583,2.341231568549438,6.780827609257025,45.50335461223411
CD22,1.7584419799749063,2.6501592446331093,0.25297508798403545,1.9390720198288178,58.48759678029411,1.903785125476012,0.5960805911023381
CD300LG,20.074746391879174,3.3136234221838152,1.3086618540739616,2.8034976492322907,3.277838291420322,432.3632277243521,21.73835260148745
CD3D,65.63452863061757,4.969444872309029,791.5646805249254,1.1286961393632038,19.41757575049164,7.1441451931177635,19.49785887077052
CD3E,46.5201806110701,4.436567027484051,593.2253612318751,0.96934890792095,25.757966926010415,6.270635874971376,12.3568948532758
CD3G,33.482155540149726,2.9421501451653107,389.07972430453646,0.9997517405147837,21.151723000042534,9.307184924000813,13.748045744945976
CD40LG,7.652838757324083,0.8558446266957133,121.01056043540466,0.23046119966072692,4.98086080105755,0.3370843009136779,1.8999245633529238
CD5,4.437953872321577,0.5832326947287959,57.730018475315205,0.36963284310143935,4.153867195732438,0.8260656492126275,1.4656930036326412
CD6,8.388951909552338,1.3851936886221399,85.26647769454542,0.5515735392954078,8.629856457439887,3.2543671576982662,2.4122737277296835
CD79A,5.434667551833794,1.249805759745186,4.398256556413934,0.4471036747554425,543.609654225258,2.3098884630482135,3.4381490488602644
CD79B,12.786547411211448,3.5438684455883704,21.28054805717469,2.4151013462283353,132.34331222991722,15.854667158855541,3.3259064519425805
CD86,20.507663797468627,2.40213389164091,2.1661179090146847,123.98487980976445,21.490718315272993,10.817834652963725,15.697199324808274
CD8A,29.508126159225778,3.254050403894841,252.13352580359845,0.40329141624500375,8.405603744947866,2.8098698433628604,8.66990740719238
CD8B,14.581916284363242,2.576258222877817,187.64392315324633,0.18294018540677978,16.080821439248396,5.640996600352459,4.454422033247435
CDC14A,24.05044540715101,11.914668105325017,125.59244438120751,6.969796510538036,13.632170023446259,14.38658752609468,8.719700680358795
CDH13,10.63017624134712,6.414820855551384,0.6960171730167621,2.21379820008607,1.7779335556650686,125.14023159355892,9.70276564960087
CDH5,39.041909832246446,8.402530972007783,1.0273208997818661,1.2627779322680384,0.39221397538881164,324.7681196390671,12.0105089487819
CFD,3252.6978396436316,3421.5509513602274,63.614370272642965,935.8122299862295,131.56802814356675,249.0343881926634,7607.537602223541
CGREF1,15.222634869414838,5.999425031825256,0.3874066970248159,0.7627850823702433,1.3981644145790337,1.2843935544041039,9.293118409945587
CHI3L1,134.00071543640104,49.40003634568793,2.7164358331631933,21.787561403101776,3.054728077551796,4.158226269187687,83.24529747348296
CHI3L2,22.024731802755106,14.963270644906858,11.347945379972682,3.7064995345158684,11.50910925374855,2.639391496451844,42.902723889702266
CHIT1,12.768217912220226,0.6005665409721338,0.7483880528361783,5.485174912462664,1.358736904928705,0.5722270644561889,1.40444677685682
CHRM3-AS2,1.3012652780737861,0.24280302922164776,12.136567916016462,0.155779642452362,0.9056401215856078,1.103339800815354,0.20610300957897643
CILP2,1.2482487124877268,23.160923084579657,0.2641169779844127,0.26650150286965624,0.14192370682175262,0.03878510694556908,1.8962339839186129
CITED4,75.01106626838877,38.70754846944236,7.374604197725645,5.13148275919643,11.954610131961104,21.53952577167747,22.13987340559694
CLDN1,28.144415045883104,2.909909645513724,0.14526477779612024,0.44979798440360025,12.822630710060741,0.0,3.4389393997182105
CLDN5,209.23023819075908,31.85356264862441,8.270539629240869,10.432722849344527,3.041949918022292,2688.143851216156,60.00536238263357
CLEC10A,26.832490962222764,1.6257346322107655,1.6963036537815959,164.71575533753258,26.828698839792157,15.990698004188488,14.791065004309127
CLEC1A,4.967632017741685,1.1583586848670904,0.18534423216250479,2.0446713227347506,1.3183307325042457,47.42563379274111,2.7054633744114986
CLEC4E,34.702252663109554,0.22721312560838758,1.1361651628778515,176.75231971626047,23.351477575437926,33.02276323605167,15.877106236192274
CLEC7A,19.86438800526235,0.3352009482886272,4.099555541660127,116.17920885283098,18.22808907000568,21.69680809054978,9.418272440756029
CNKSR2,2.2447336431465854,29.376325779857318,2.3220425409111805,0.23878181338228102,4.737150477963384,0.7582046240607571,4.717740585928537
CNR2,0.5403973418565643,0.2330708351067868,0.8174365762450165,0.09137115257377912,11.539292146866972,0.6148379775149955,0.35932458678081214
COL11A1,4.554990802080354,61.722932886992254,0.1325264134685398,0.28704068720452824,0.2881825853130537,0.7286168079205817,6.026207539407067
COL19A1,0.058900874452531074,0.49451269522507263,0.06331179619009078,0.02077272005118855,13.750318969191058,0.17327097671496697,0.08858378095751912
CP,4.239668076534564,11.71821235786341,1.7348997555979566,3.289246234232367,2.1449963684881728,6.951086436084462,129.8535461439372
CPA3,121.36709686255732,0.7623705905949861,2.3168983934302045,2.07702165061772,51.48938209229957,38.21314227719411,8.650941526805376
CRHBP,5.928927225075136,0.4610184352119645,0.19123725907701772,9.70891499811282,0.9269059666239514,92.50789893418775,5.671499170848017
CRTAM,38.9612328809192,2.6103192344265427,213.4450288370244,7.668773138744381,43.989932230781676,12.394371479510353,15.998305555582157
CSRNP3,3.6870657979026875,22.571594826534096,0.1716044329581135,0.5063772367860179,1.566633137609295,1.7474049283087718,3.733050566271615
CST6,10.451143044060036,0.19292240170889996,0.01687025408120969,1.0483796475593392,3.336597447307025,0.173286483644007,0.5147523903596873
CTLA4,8.19694402246418,0.8345430443447353,195.06708981527277,4.660907167494352,27.76730598580288,2.6424186145206203,5.687221135793074
CTSG,206.30954309415395,2.826668921456836,4.7920692863026035,5.8220222090375735,134.05709485787196,84.55884058700539,24.60844120986174
CTSK,430.99276967268406,269.92162915085686,5.345627802607858,22.95912302817606,8.537489785381842,16.995312562244568,280.17311004696444
CX3CL1,11.229961959051375,3.250474691678813,0.47168710699124194,1.1581748016477864,0.9579363821536188,123.84477344128112,7.563664014887619
CXADR,9.103973345839032,0.8988502469221193,0.68925702560401,1.5788765121616055,3.021895234968218,0.5304865809611921,1.2365819578416304
CXCL13,5.901596205431316,6.208160973621913,156.64879539832563,4.106332870590146,17.575815076301367,0.9368041798930065,4.193958600420834
CXCL14,602.4349589420675,426.1516722392841,28.274830623667278,68.79960329991695,20.54062119467377,65.36627243418175,1512.596440651126
CXCL3,59.04420726788293,24.108438983258498,1.9448611773720466,339.57228322876506,7.086427062092372,19.532645592156086,22.22115917376945
CXCL8,208.07431774053993,37.52905736710467,8.051032921906014,1168.2646785217198,148.08952859351655,179.33964597739623,171.58780571426675
CXCR5,0.540630702605909,0.14753852135257425,3.9364216366985936,0.16109684610214078,27.82942657894747,0.4084297536044345,0.28910334939433174
CXCR6,16.873474617398436,1.964733601416532,128.71218873460947,0.3578205013629323,18.52098951663716,6.813964112578031,4.125615179374058
CYBB,102.53173511891976,5.855371712497032,4.1343494120240845,466.74336567448125,57.99068601869491,32.7332706819666,78.10886798678561
CYP11A1,0.8344593088866264,2.3651379758685134,0.1462850942537797,0.31964488637826427,0.298246188753805,0.07845797858974195,5.120570958717215
DCTN2,86.15235776016972,638.9602496067018,49.62455702010237,47.4808310307951,47.28800522131379,88.73756339574595,94.32703686134163
DDX54,27.497595726472298,22.693451622023662,27.2890891260905,29.52384009179029,24.72909107261628,28.41705642270513,97.49649767026527
DENND5B,7.137062507789133,19.25130823737947,0.8298858741334723,9.744691154343188,12.783182914350315,14.474727186955414,33.51934596546041
DEPDC4,0.4550959180831416,1.1302603054191982,0.420401807927895,0.43448261537321936,0.11101682923666759,0.08146316082487792,5.05217718718098
DERL3,18.150225883854876,2.8230435576231274,1.4309232163219643,1.9830515419332428,135.45343822935405,25.49809311766085,4.0544271861543555
DIPK2B,1.2552129485368702,0.0,0.0,0.004446638910153704,0.07211672986976873,21.016088470566118,0.20964803330124251
DMKN,14.017301186230064,1.5563902296805618,1.5719132437138235,0.08449591442967486,6.850920737319578,2.077085975976596,1.828712806482145
DMXL2,17.419204573925132,15.280374811824052,1.0179298519735474,85.03751104898261,5.500816042674172,11.44222337554226,16.730658600419986
DOC2B,7.473650590730382,5.105233813463975,0.4672368747407348,0.8756684615978879,1.7505094340251413,65.78311508202542,3.328631388408677
DPP6,9.055191801617404,2.877424640730937,0.07913614588079973,1.1999668019445175,0.2776345529634345,0.060132576697147264,3.6954495734834163
DPYS,6.5985714066292696,1.108141899019099,0.0414582783579288,0.5544547593785021,1.6346345022804774,0.073728678139282,0.9031122980367945
DRAIC,0.734055271523379,2.1645772951768727,12.113850994822732,0.27383016299743573,0.6015378642460222,0.8136962724327745,1.0985436961166375
DSG2,5.993405256680269,2.778046142734945,0.7491808558021105,1.1916153752365284,5.812138186557056,109.05994181605519,6.047633404509594
DTX1,2.9840388770667094,6.89211394344338,0.5295820125532795,1.88522336620748,4.298285138506025,1.2322072450465371,21.020955585542886
DUXAP8,0.7619755904530656,3.998088272737598,0.06278838186031642,0.19980970028590184,0.7317581680389149,1.3200383704227683,8.961394256507859
EDN1,11.231329953719975,6.417423575048636,0.9352311323864178,1.7042828926783016,1.7592881871821309,120.44293931467445,9.060759592910493
EGR1,309.5388997117306,708.1236336243343,33.61519269621885,838.2607658667087,130.3509849043072,581.5503500409714,1408.3532286684906
ENPP2,70.36654722361875,57.89631760623784,3.2865026962527737,73.61069505404545,6.994397797090956,581.6800474022868,63.11730679617249
EPAS1,97.34015942575738,35.38515669831742,9.363264640137153,51.056743539999765,27.07897653211313,822.7700923866599,72.57050014343038
EPHA3,5.713029529908562,32.289772170440195,0.17217474951241005,0.5157935057109893,1.1268741932486475,1.6985983631374335,4.000155046825805
EREG,10.665925571397588,1.58176979956794,0.4375345661416379,203.24488252360737,19.87037395517614,38.728774845265974,4.627535305965249
ESAM,36.17493660581433,8.581332410437566,1.59892147150601,3.316083311561838,6.593467923820555,303.65424624941653,17.042620394494765
ESRRG,0.18697837931071246,9.25889554098334,0.02667325819038674,0.05819726249794033,0.5401313187073109,0.42271528589088864,1.071169584540451
ETFBKMT,3.610213073637832,5.0885839357126565,1.312530023295401,3.5048905430262227,3.0604145376110856,6.2611719961546015,23.16706813020419
F2RL3,11.554943833499292,1.3296416886187787,0.797707920164674,1.5272592652973633,0.7260806537340327,175.09451614616228,2.9039434585750916
F8,14.869053805528024,10.556990200980415,2.444757096202625,4.62550757410349,2.602777893487375,161.8436087032486,9.63056819301556
FAM110C,9.208445242395905,0.8575306050689411,1.4544243812014375,0.09698620669600527,3.1915076962088667,0.0,1.8482963117029343
FAM110D,4.955948727422638,1.681279109044437,0.04176585247425964,0.36199985868302675,0.891769602659616,45.59837086433718,1.7463542456182974
FAM162B,6.395801691193251,6.6112469752993706,0.30142508463976564,1.2204245037584724,4.435589581460353,8.522127131314091,14.833800923816531
FAM30A,2.801226215355138,0.2576202938653663,0.4563441382273464,0.2945255835005691,46.67754314817531,2.3150666670683795,0.3445081586772818
FAM66C,2.581772835082194,4.451437346390905,1.3752784867638062,0.526644068013297,0.7746438831924589,1.3247014138916915,14.946004823881172
FBN2,2.6923018647634103,21.10133489709573,0.3175576603887959,2.8926448091884125,0.43112552227895357,0.3445313832713457,1.8077949522968355
FCF1,16.593563399263576,18.76117362234342,15.430105375913563,18.31179158534396,16.671856487750745,17.448502949181226,33.97762609166541
FCGBP,11.585801255449754,1.1307130634373985,1.520379273676235,65.3472159292417,1.0820476971968496,1.141668892439139,5.876385895448024
FCGR2B,35.89108531043025,5.20739799968999,4.219321616421796,214.53841633028892,45.95962664646872,14.15912581540637,18.539396864300745
FCN1,20.619793608556705,0.41419351243765745,1.1231689650990784,297.71133176671634,34.40489865464314,56.48721586880934,18.049947139221363
FCRL1,0.5131829792151449,0.0,0.19377811715066864,0.14909689208641153,33.43883898868621,0.22702046192877984,0.5279139943205662
FCRL2,0.7422707872705945,0.054379649049040794,0.070272659319952,0.11834169335389678,21.245427637090867,0.46649279873045624,0.3414809054710555
FCRL5,8.487393015820809,0.4777644648820593,0.25072356154229125,0.197996718792471,59.683196568278916,5.706704639903607,1.2791780884537813
FEZF1,0.39785220514480607,5.930346708366864,0.0,0.1327199126336879,0.007706175488603893,0.0,0.2954165647677818
FEZF1-AS1,0.30915379037719354,17.37820725626841,0.018041440684091015,0.16005446886602176,0.010922710377081672,0.21370426907100193,1.1607107249892348
FGF1,6.799339846806271,0.4857900885026983,0.020453230497762907,0.2628778867398452,2.582242863227163,2.519501393912492,1.4077057101671164
FGL2,184.08259980338215,107.90471739712024,32.62271497401533,930.7364704446509,72.35429744228288,169.05466817732975,196.68359103489908
FLT1,44.03218965328449,8.808582308493635,2.4168172236067793,8.961786852444021,6.316197798373528,411.19232104871537,14.740295775831232
FLT3LG,5.318948640229347,4.736952244190002,30.693871431276285,1.6229359432564325,5.964425266661315,5.22766951283794,5.802323501035725
FMN1,9.839172952259336,3.373614190009046,2.6000372541329297,86.3537498279151,3.4139788358908185,5.690802226238759,9.352441676262817
FOXJ2,12.587730241063488,15.08705877736085,9.038261677619778,19.285909973675967,8.07869346290279,19.71440865305937,42.237154596684015
FOXP3,0.7253857877107541,0.2357227507475664,14.613235861415331,0.06352528377877556,2.5391535576814706,0.4496777495800361,0.7447271051962606
FUT1,0.6241704311866122,0.25116802823215584,0.13190173505695688,0.6434539912707035,0.09108917316021878,16.61898173272763,0.8842345169966407
GALNT15,9.849387993752686,7.707895119357376,0.9583905041777405,1.4726311387453839,2.306047669740886,143.40394406919708,15.60564707877476
GALNT5,1.1325010839920018,20.85824761218753,0.5429745415527669,0.13234294588152798,0.18398728734629072,0.03877121394672484,1.9162956560735567
GALNT9,6.480720104394853,0.2352817391773867,0.017181906806093484,0.033769698891999086,1.4430657045631616,0.026784431024492166,0.24893620974397504
GCNT4,1.71629684204134,1.6040551649316506,10.289477944874086,0.18383290748060618,1.1037033266283043,1.6565773522453175,1.09585835683641
GFRA2,4.543714102436197,1.4679888439486362,0.24181389612755816,46.27868646778413,0.6747815379273225,1.394292282667195,2.600501612580778
GK,16.108245468290235,10.992251179773543,22.114344847414674,136.32138463911187,26.32480361351513,25.80741400890375,12.308046628521435
GLDN,2.756524807732485,2.198606751132013,0.2526068747183808,2.1734940885687597,1.967911417152856,70.28208123054196,3.6890145176120046
GLI1,0.8356095413351992,12.71520331555448,0.10735611598049827,0.21748334231689873,0.47854451344730775,0.31798655865328096,1.3028966087782523
GMPR,15.335723838376506,4.214026567940999,0.5033982900925311,8.063653559287749,9.05993105399542,8.907739805023054,4.946859643404648
GNAZ,2.29568614327187,0.8032824974592512,0.20024796638451797,0.690723802850262,0.882569838375594,29.13117235376171,2.3068805055961192
GNS,77.00350287611695,63.02206154018002,21.009520207139495,180.7116023530812,24.709605046699522,91.2754704623145,405.2647806904345
GPC5,0.8197454851625214,10.10500045725312,0.025437947139804344,0.09809779264672257,0.12777423417235007,0.056374996756970414,0.9028222924730661
GPIHBP1,30.099840296053898,4.923569894264641,0.9953402355866078,2.9112452321173365,2.222993469778524,362.48510160345376,11.470730985506632
GPR146,8.482228930851837,3.5214800592575566,2.5447156234601866,3.9418499494359374,6.156106606153051,81.80154548143676,6.827660313629152
GPR171,23.73489703485709,1.5886935403636717,233.38542797234584,1.941192486691345,16.95327749681259,7.870973028843671,6.76250572396514
GPR4,5.02150928413324,1.3297156791954095,0.13655731339700788,0.7755113971206213,2.149745757407817,48.112609271406285,2.5678557545240044
GRIK1-AS1,0.5035612320401837,11.536658362881349,0.05634130713817445,0.1576585411492785,0.028105093263194273,0.22634809530341285,0.6948092432967109
GRIK2,0.2204135210175274,12.882171297186543,0.016874281355996324,0.10224641482213435,0.09032049976476153,0.08478595528113811,0.16890303772943135
GSTM1,0.9983489451336796,1.1135066082462337,0.9565529577767601,0.8489387506144656,2.1851227923167675,1.1629895501700969,5.126161244282465
GTF2H1,18.022023991136997,22.738152652962064,17.890191329628056,29.92145388915261,18.20453188123336,24.503955828371573,94.33127069684288
GTPBP4,157.23126693703276,42.62265028622901,31.85647235265304,32.91713700300742,33.855670689327056,53.8258035893442,46.26064729589401
GZMK,171.96584895136527,14.995236804596031,1043.676292255644,3.1656731398306985,157.59447153319897,50.38360561934139,39.174288164562675
HDC,25.360019929066585,0.8032096546688208,0.6282193354898111,0.667206778660071,15.948106990263389,14.053636813913398,2.8784728947360994
HELLPAR,0.7559842586323875,1.9505634258451143,0.16556765001082097,1.643861905861317,0.4891066376850872,1.0604342159512918,8.057733418109471
HLA-DOB,0.7532419171849147,0.32038342347352367,0.5289406990607393,1.870037477654185,51.13166495674261,4.038467240638269,1.6074909021927588
HMOX1,54.95635171599731,23.613587691077235,6.587667886549212,372.93397665211063,18.244737835069504,27.80911106875639,44.48290017438456
HPGD,306.67814285549485,9.196856444311159,47.58388944557784,16.88981801832559,96.11243298188046,83.43803541216667,20.362971181303017
HPGDS,83.12390616114676,1.5761244332597941,2.8542368693151374,46.99339258153153,24.54760079024994,22.99424208419224,11.507099300759988
HRH2,9.081852743511085,0.7971671328266731,4.435589585715123,56.82976000482716,6.560919858977344,5.953911953588439,8.083764272444101
HSD17B13,1.107650644659961,1.2690305083982212,0.17344386574071574,0.6322206547916459,0.22776069367957869,41.10881229700065,1.3506704944036911
HSD17B2,2.558705648465055,0.7238679240286922,0.15577509907499196,0.45338968996291873,0.35607245989122444,32.48555465779735,1.8172014164555195
HSPB3,0.30831740176097916,8.782982949644042,0.10706147532943147,0.14674194632146267,0.08938017144488139,0.0,0.4079347715770731
HTR2A,2.0792475916384587,19.67808286696619,0.11251903990626563,0.4094423119353992,0.24275173682813256,0.5538796558937291,2.959467937273421
ICOS,9.108445345928818,1.1795862918152065,163.51343207115175,0.4107590866930465,15.95564549320135,4.215245103509185,3.678762372315769
IGHA2,0.4450312481218259,1.279091553688403,0.35398781722014583,0.42786471880003013,74.86525126434277,6.431328410331882,3.409260943951776
IGHD,0.12763765319725218,1.4057255140458085,0.2440546645203799,0.37591543629877494,161.31621681640092,2.026153335043791,4.754465072454977
IGHE,0.006036003311109976,0.0,0.02208258812879369,0.0,5.211441059278116,0.061415268179594945,0.024336065884155073
IGHG1,665.771578681596,96.1726414425909,3.343214669153449,8.867214856981818,4502.482457730483,2.9299283152625613,130.92259375315462
IGHG2,36.00777147168834,0.6798366188241011,0.6848043949348999,2.2856089819101415,902.3386001813656,4.290148022208004,17.186580631091754
IGHG3,480.2829513694395,26.959985724186343,7.494411985144912,13.145347706623483,4022.322566246759,587.070309263328,110.54717263962124
IGHGP,15.148655865581343,0.3358808252261755,0.9529977019175876,1.485175809595917,111.66104265486464,1.6459478012683428,6.653676160689243
IGHM,164.1820327355047,55.23410656520444,30.408126610644906,41.91969888247857,2674.8494554565814,553.1830947600276,114.21157929135023
IGHV1-18,0.4440185438176558,0.18839433819386026,0.013562234190381543,0.0028450939654874174,8.507138002175765,0.12318088015941578,0.29147550037773656
IGHV1-2,0.44493791298861923,0.010463680914998027,0.18211142615754425,0.005726841568989657,7.4066002547624565,0.11826068789937048,0.007745693874438833
IGHV2-26,0.3491876509850621,0.005578032889855733,0.0,0.009885236359955462,6.381819963635878,0.3218123441422591,0.3320741083146043
IGHV3-15,0.05842834766641017,0.0033463428770731016,0.045202946716153505,0.27043825155166584,31.634197964208447,2.3251853270168588,0.052680375667615326
IGHV3-21,1.0161488268208074,0.08408079539588308,0.08203359733594824,0.03270540026656228,7.829985771803987,1.2265516638227305,0.2862297849440021
IGHV3-30,0.49209370717586387,0.0,0.06989609790770848,0.031050570504608493,15.378251697221762,2.5053818110004586,0.3496113884949016
IGHV3-7,0.0,0.5667971066519468,0.15744744169513633,0.33561544241490054,26.496860113566296,0.08848991252203492,0.3115681338160451
IGHV4-39,0.6531472971705143,0.04410574175161984,0.014083754652374698,0.1757984235935363,10.514030453485628,1.207819961401265,0.0
IGKC,6490.323337013882,735.7938608115741,76.935024622848,205.38457363799546,62382.93655582371,5494.251142003871,2131.8899927843627
IGKV1-5,1.4000396058815856,1.3816763339958762,0.06526758980293043,0.038120194795615375,29.41370706526513,4.895601125612309,0.6735221115748456
IGKV1-6,0.2677056951248617,0.04503606420467414,0.0351323879723005,0.003686576144018309,7.9769159140951515,0.08033587542260895,0.0
IGKV3-11,0.6557368952774368,0.07815356772438557,0.05837050315472152,0.0025582922232828334,26.947151460287348,1.4595805301374938,0.3746230402170239
IGKV3-15,1.6000311115469616,0.0353356806086156,0.13069330413997826,0.10320063977509288,19.469514785833,0.66852909020145,0.6781740634788892
IGKV3-20,1.1010259120676436,0.14981674017840912,0.05877537764403957,0.03905700723900441,37.12429902936369,4.993130970638072,1.2459898392174684
IGLC2,1693.8533376560486,74.84602448848545,37.32411365214706,42.30562446376413,14047.74288295745,2179.5472524981533,447.5071283737189
IGLC3,523.0611226702629,126.10101063713077,66.10966553048314,37.279967801498806,8323.576232880436,2072.610749996838,365.0698649714737
IGLC6,0.3098681310250584,0.007821984862028583,0.01046275378926415,0.0,21.574163251355923,0.03421756104053936,0.0
IGLC7,0.05250668637658486,1.1200292189617314,0.30236157169991384,0.4254699312779524,117.41606316003251,0.6569755315180807,0.799521311176707
IGLL1,0.0446562616870413,0.2807935896425834,0.050109959091426584,0.05207843162455091,7.778029937776789,0.01761312665535045,0.09991821830168877
IGLL5,7.719429484117209,8.067626540768446,0.5352531622733447,0.5025881964054084,324.9054810951787,21.437065284983955,16.875795419444934
IGLV1-40,5.402922242699963,0.28835429235401927,0.05051220036743527,0.15343286543323237,30.956644096344785,1.1578969065866411,0.2913371775025537
IGLV1-51,2.9907586219515365,0.06103121066053451,0.10813321985389254,0.11959146409479993,15.762745572961975,0.868057445915039,0.38334127339063917
IGLV2-11,0.9233975784459648,0.0,0.4530348479821934,0.3759544615053085,49.036839879289076,2.5646257942856665,1.8707776896666442
IGLV2-14,0.24343327645576013,0.03993758224050503,0.23826998794137635,0.1073569484272939,66.06590269471667,3.5447476326776406,0.5084224249897938
IGLV2-23,0.0,0.0036617255196036112,0.052964897308157066,0.08292242458968895,27.029283379258736,1.0616866779532084,0.01798386228907807
IGLV3-1,1.3660344889738436,0.052277068214679194,0.021252665243616537,0.14160446492090584,58.52786877485638,6.918648731800017,1.187283735632638
IGLV3-10,0.005748574582009502,0.1840051245302224,0.08681493163531254,0.7674355757274266,38.829911494052745,0.6646497370789686,3.7738470487799343
IGLV3-9,0.06727530614268955,0.0,0.16778748419224912,0.030363625057326527,5.282584220218799,0.08196686955245328,0.212866718548167
IGLV6-57,2.396747542364407,0.0878786175865997,0.053755907135632226,0.18232579933517118,35.87382356770627,3.093067002972894,0.3321881857564147
IGSF6,35.54166205111582,2.8425106154221953,4.714893693521048,193.65201174541372,18.804317156250267,20.864304137310004,42.604094340038486
IL10,12.734386225545698,0.7479791089272098,14.72769198091502,91.01306132940753,7.55129762990649,6.830100603703066,7.124929043276334
IL2RA,23.61407914478046,0.6365013704939682,24.519631261673407,135.50023717495347,14.5389733945242,3.698554326731634,21.844691625304105
IL32,253.74060383494557,159.84115431271138,1582.7519808928287,14.02013675851924,189.19679662904664,333.486466388144,138.12979465406022
IL6R,16.091610906802554,11.739121173283047,12.108093733915366,78.79258260129,12.638242784384387,9.798096852124422,15.067076322395872
IL7R,100.17572292194356,25.099192855720304,1872.2347198402051,11.68225079148213,43.435155892896866,10.743716775896383,50.56647353258897
INPP4B,14.28489975341986,8.482134846441237,64.75590215454089,5.975827274221842,12.360837240200128,9.106600358208848,15.46785647081399
IPCEF1,19.699921101412222,3.297615933939485,174.64176842195945,3.2050767071052575,24.724489523404685,6.720921424840365,10.651240384682572
IQCD,1.2250033927770982,1.0291389076902526,0.44964485216423405,2.1861570351930446,0.18236339992221332,1.3405204177612953,8.013068073020778
IRX4,0.09216930505910864,5.8889053310010935,0.0,0.25866400565428405,0.0,0.0,0.08859779389182786
ITGA6,47.67627543458734,10.894014094543719,24.246521943134997,8.312340252125205,21.195739894354368,388.0421171609295,20.717336014371487
ITGA8,31.25215939700452,14.49376551085289,0.2157061695262939,0.2662240276701346,3.4829096678397344,2.4134074081150403,4.2265976978366355
ITK,20.90492502359733,1.7354522597012632,208.76422270102617,0.6840294661713452,28.76331585653427,7.744046691653705,8.60684036545897
ITLN2,5.939973953504414,0.5620075446425017,0.0,0.0,1.928781439445022,0.0,0.296590753055914
JAKMIP1,3.544474746719077,0.12331764202046745,17.533011951360145,0.11529090017655998,1.9396216592732145,0.5970280734551217,1.4105922636538686
JCAD,14.39880576726683,12.01843643106167,0.6323058593397191,2.0400385112437966,3.0659374391555234,118.66520342820351,10.727117743495025
JCHAIN,296.9296508453184,40.637745185884256,10.089948669667997,12.917627241246903,1871.8533728491584,357.0900729597956,93.48290399797547
JTB,337.41440217796725,211.15020682647958,173.964635363988,147.33505642643297,153.74108053772898,139.72515360361137,166.22396592979695
KANK3,16.28762778595954,6.247515117358471,2.7619732155029646,1.2371795932559377,3.3595799728741196,165.35214834471415,5.436777205284016
KCNA1,0.5923022116534056,10.973431262425404,0.10564298890201662,0.14711570565656884,0.05718842085217288,0.0,0.6466317229735397
KCNB2,0.2119979650876776,40.274125814221435,0.1202811247393697,0.07021441306755141,0.0,0.06219064287088383,1.6695209526525867
KCNJ5,5.739336418140664,1.046422990740092,0.19153641334773922,35.412692786484065,0.38912795851207016,1.8597570042139009,6.192241390771798
KCNMA1,11.978234882366923,6.449999458908633,0.9356306170654167,80.16040632085608,6.601822755326293,4.308787798665529,3.9998486232916286
KIF25,5.464201639950625,1.1760278645594104,0.26340579516652174,0.516177210834947,2.817654289970413,117.86690511936531,5.5115366549388245
KIT,43.10898174902015,4.751317701328881,1.857599228468043,0.9321685866720999,26.951727819850127,27.44367365343402,4.655277023680792
KLHL14,0.5792401674664688,0.07951646410720956,0.0,0.018141605993452412,7.788442838614133,1.205486060480434,0.054791717960556006
KLHL42,14.567307149917294,22.141969858182414,10.281994125426744,9.322866938764601,9.895050880891736,24.898182677665606,96.99884848852922
KLK11,22.96429850008842,0.07578055925563258,0.015511600746163836,0.04186831085221702,7.3162275820207165,0.0,1.3564460561137834
KLK5,5.715665851444427,0.003383706595985818,0.0,0.0,0.6898155880709462,0.0,0.13767371315627946
KLRG1,18.346160311957295,3.353383573286527,118.31029402306133,1.7995040561907807,19.89231370740672,19.551313979952074,6.98892793081407
KLRK1,1.4827131347744222,0.12230245566779421,33.868715957444216,0.09179835621876194,4.585294979434087,3.627349387864006,0.5172785258913308
KRT17,1.8743320653321112,23.987983836915646,0.1397803790944685,0.662021330187893,0.5528122352284075,1.5121031568501473,1.0215740359666023
KRT18,390.2221449335207,2.4467460014852938,2.4061060407938966,0.26260642537499385,79.89549057982111,8.974276462608291,16.00368644202049
KRT19,104.48290626757289,0.5594598301835575,0.21246816769573285,0.2941456680991233,40.965965157540644,1.5714007565456023,7.854589346741609
KRT7,17.801456312976118,0.5316158081017878,0.40917366971638114,0.08575077048040171,6.270214282861796,2.429630779294975,1.46964092333642
KRT8,173.72857440482824,3.3882218155564385,0.32268394003285245,0.3370982605986873,39.43204581689961,6.555532326142964,9.058900287110388
KRT86,12.936195496363391,0.6227999051575975,7.057525504977646,0.3026216218568797,6.148751028247077,0.5871912769783845,1.7258220332614764
LAG3,15.350599492291494,4.4015412376827525,73.73874530311339,4.1238351533591775,9.157665948376847,5.311428417982906,4.450753040838803
LAMC2,3.044175050050752,42.56294987408912,0.35640777429272785,0.4978234674679676,0.2712689868653308,0.9570906507879412,2.84029817515499
LBP,2.471412712960618,0.9805329853443326,0.2959927500670669,0.4742213162584806,0.1563348322570877,0.2711755088812265,7.368859530898679
LCK,33.75738081769597,2.5085740445083076,196.19082503609943,0.6766358436053903,41.66954417461593,9.667452148267948,7.16215787859642
LDHA,357.94084605123,361.29857014710274,311.0115885584028,246.0638711577812,228.93983078593118,329.4746732298624,1490.0923773527556
LEF1,4.2113189409069705,1.7800073830726466,52.01529161019814,0.3640043553598247,4.362561588074599,1.3785076241692829,1.4040804281473567
LEMD3,16.559900337535154,22.329612281748954,22.74155520161222,16.291583915116046,20.59470348664287,21.294288537852836,87.69080299900068
LEPR,26.974837997498934,67.65250947646948,2.855416122147907,10.585113140653808,4.459718686792594,63.18666915412587,124.45338977587929
LEPROTL1,94.17372912053591,24.0095490233325,613.5348517947469,66.37047033601738,120.35974358758594,105.82877468616334,51.21090832237302
LGMN,254.58822749835528,63.64556373019038,13.487803738449118,1593.9768633919298,24.800524673018856,75.66184737227871,326.55338466268114
LGR5,6.615529251436592,39.65352740046236,0.11723710244868416,0.2268784067699847,0.13716409476292216,1.0306779011094487,6.035715498048224
LILRA6,3.0843994462398365,0.4119968674848934,0.0918261764063844,23.374282012293985,3.209430341735147,1.8141559693430855,2.1294557549033772
LILRB2,18.33100481721837,1.7496032332885565,1.2449787852284355,134.9720673922045,18.3121978689065,22.215434405503714,15.68519963964063
LILRB5,36.46977711880178,2.9469622642919475,2.1741368579191924,313.13216173724237,2.6198702978559494,6.300788182475292,44.84258091263763
LINC00239,3.3688451106372503,0.13614655483829813,30.45429432982139,0.2726589262328145,2.1861754216416065,0.6758965847172205,0.395725187810182
LINC00402,0.22188477937886608,0.03994452908865892,6.434521685751041,0.004817995405559582,0.18395810667519222,0.0,0.014649075822034357
LINC00645,0.0,0.8408313676297048,0.06137507698129868,0.34020658618414673,0.0330333374936291,0.048887498962973924,7.9273998232403295
LINC00649,3.841180709453565,2.3223993264931777,31.422654217325796,0.8150735033021406,3.1238773800762574,2.495363553685538,3.389045585499501
LINC00926,3.3615151462704262,4.425665676011561,0.7364813378255511,3.040959917860383,106.20747588617282,3.990623222281282,5.032327335563114
LINC00968,5.03553999828908,12.823721430896546,0.33524832501898066,1.9027919446843646,1.6248994231812017,1.0765216010603658,25.499225299638386
LINC01133,11.717770269910565,294.2909241408102,1.9999477398940633,6.479277795363215,4.1384347946241595,5.097170418306143,58.83829295435365
LINC01781,1.1660043906781512,0.01855466839063311,0.026902961015012543,0.22186997602497624,62.823722764903465,1.0722471263247044,0.41188143536488636
LINC01857,0.9743091968331876,0.18450561734841386,0.23715097057240297,3.4157086708707096,66.25554253055311,1.3706764546866343,1.2402111395300333
LINC01871,18.661393190399977,2.763551852883609,141.95175085750884,0.9321703954795793,22.20524634251077,9.814552056343711,12.361879605687463
LINC01943,4.753435641626732,2.111483500356904,29.3710652291748,1.445424726199848,3.261364859209911,1.9193005100880107,3.2293828782909375
LINC02066,11.863363256413601,1.512689508197554,0.0317121420369083,0.1577970603310097,0.0,0.0,0.9795599565109484
LINC02273,1.9004547816444333,0.252140713112621,10.759046569755984,0.13810505019314437,0.1358611578125781,0.5023463213995895,0.4492131762910568
LINC02397,0.9651810285452083,1.4014953746057122,0.1267896415214981,0.37936202482489234,62.28071512968429,1.184224021524908,0.6129612547160442
LINC02446,8.024173435042028,0.07064330835350846,37.268858635256315,0.05203503973748713,1.7562087456066915,1.0218723165036605,0.8623972451769345
LNX1,4.7001732517999,10.381117580157644,2.07907850859178,1.1568495383298232,1.4496241199850746,102.5659562776445,10.079283900371546
LRFN5,1.4413301522471396,18.701213861374473,0.13921559621319174,0.2841823165885048,0.4642430444456238,0.221262456543386,3.2079894052244042
LRRC25,22.393373196630087,1.0434472484976016,1.0343567559249993,104.67213805111045,6.103775275991563,8.43207438807184,16.182982651002614
LRRC3,5.133240038742753,1.481749511763753,0.5668184044887605,2.1443347255651535,0.5600355823669038,2.3175351261917707,2.3088972062333695
LRRC43,0.34830150265945814,19.198277141876634,0.25352984905882386,0.3361803026122188,0.4861645460057948,0.0,1.0206093826853435
LTF,20.939398427224784,0.11109983480857703,0.1357872716533227,10.339038635133054,0.879950583590341,5.225019801414587,0.8678086725132056
LUCAT1,3.020541220577802,0.7256719230432205,1.1212666611606252,36.33710420491657,4.584424283068711,6.342954451410343,2.770725614415174
LY9,7.625555582112891,1.1083101275388443,38.77628675461645,2.57669724546425,183.73393890734638,8.623314720760092,3.042077838089508
LYVE1,149.58731846631878,11.982378603153313,9.191439749429119,1081.9340544009908,10.716731665539193,60.25560342374108,151.69101223226738
LYZ,191.35023047159248,6.057417584677417,11.135206140622717,1570.2462900787757,103.98504012664421,150.7358499082841,90.45077665933572
MAL,1.054758874940273,0.26693922372643153,34.371467089999214,0.10499929648286066,2.051202775109367,0.4031798299447371,0.4353316176542429
MALRD1,8.667796716742494,3.891918795351303,0.15709020834367143,0.1917686925321391,0.042412706168164685,0.263640350373189,1.6385644530488135
MAMDC2,20.01356450805932,8.049328554106628,0.9681278275715823,119.05059721500945,2.027290330150488,2.892111141014542,22.97482207869688
MAOB,11.026579924004654,3.9337078120806392,0.6749993377807785,1.104461974131921,5.578471779023306,6.722917358109726,6.427416975027092
MARCO,24.003352170346485,1.9534944440331135,1.9115182378659663,209.28021953192228,4.4554556211976335,7.965927050234959,27.447360065153525
MCF2L,11.987740141421419,10.662406762993916,0.8689519677202494,1.3592898721089302,2.4085096320978616,165.7569114715846,5.56028413530962
MEOX1,3.3723407224579125,3.4726157700439173,1.3961965589927057,0.5040770032125693,0.18149919289937103,37.88804027256966,3.755852313686377
MERTK,16.042113453787312,2.1916016621034267,1.4366132639204692,157.8486150524107,6.182561725492096,11.423927452867575,18.978160015258226
METTL18,11.945025524167866,5.4284384762435405,6.953879878564972,3.42022420112266,6.00649345928691,4.60337007485025,4.432558162042203
METTL7A,71.68768315628857,97.25779066596748,7.620206607055623,101.01208276395462,35.388179142538284,91.88173557692765,172.24835209041734
MFSD1,75.68466288103457,31.57906304596984,11.960932488392903,362.863280415165,25.8361644891716,43.97342722387767,74.25314615169586
MGARP,10.077123654176228,1.4383038888699373,0.30774971533251017,0.16563523231974303,2.631117778405779,0.0405826094923781,0.9380602425293458
MGST1,304.90698059513136,217.26088630742413,10.735155815898388,49.53107828936463,59.0303048404022,70.88338532024972,562.8404344840749
MIR34AHG,3.069279237718804,18.422206308197037,0.34890585033281324,2.4479735567387677,0.7457281400790359,1.591659210509174,2.662417702014304
MIR4458HG,16.88024051077153,21.303334113108104,5.601619706083695,10.348422201625874,7.3600353620736,20.903297696719978,52.74734983444636
MMP11,3.5073826032608433,29.142476291963074,0.3292379979934821,0.5018920426270311,1.0651699207869163,1.5224481621825383,4.638543273496351
MMP12,54.30702002797246,0.19665201080945782,0.9140147915305634,3.1575094789431533,0.07327777353938664,0.1343785154447774,0.24250134842905435
MMP7,117.99391383933674,0.9208529793166403,1.5019932341001598,19.94855699799626,2.5785333212572046,3.1114499771991926,0.41614390197228973
MMP8,6.90773235199353,0.007151148933865722,0.07377296407475395,2.630801537186411,0.9076238377549716,0.0,0.01526590465832432
MMRN2,18.565744497289852,8.346260256595617,0.7591588503412963,1.250173109787115,2.2968784814341983,192.17932259340733,6.9283450493127745
MOXD1,10.216256952121796,56.20270754576122,0.7509806256945316,0.7473287978423389,2.139207241394997,0.4750790533352223,3.580092379998764
MPEG1,50.9389400059493,3.4067751559305153,2.897846809745373,366.5338312359146,40.34790538584421,28.97816560067552,43.2842873179364
MPPED2,4.439545844570024,4.637372856561604,0.6114610893655564,29.136863618526057,1.2306171270797615,1.9810891714029262,2.3146401901330997
MPZL3,3.961958783499475,0.2734663242134541,35.746150395180905,1.7304707358777929,6.849616604916005,3.0551814360182297,2.5961154943284708
MRC1,159.8089926405206,10.03497988420046,12.561027432437552,1168.7497740805986,16.55293842290915,52.54627042371488,158.4232624502154
MS4A1,3.9257965498690712,0.3408333773293668,4.768134248587084,0.6008587971597233,297.56784017943664,1.2895324997566402,2.087180305377662
MS4A14,1.2041451079948118,0.38111912392586467,0.14730375422693218,22.19622680068025,0.7775007534344238,1.9687018940467698,0.3762733213047369
MS4A4E,0.0,0.04064991899496269,0.016499135169337216,5.261144972439047,0.36644127551898753,0.16784771178078736,0.33047250647723886
MS4A7,297.5872850422052,12.202613768449043,13.244976565063997,1694.9718718047343,44.90248860769341,69.26841067373653,182.8144231013683
MSLN,64.92346305443719,0.27030784118768864,0.1608575912319129,6.344766250945796,26.91716923467595,1.2484987388413904,3.7933669816816002
MST1,9.315221773955033,2.666867172494941,0.688502805444181,0.8428240197802821,2.535424331638578,2.082725454694938,1.4136282532743039
MT1X,424.78613775569113,517.8749333842134,108.7316399276615,143.75177836834794,195.37288772215018,838.6905508215925,1446.7187419937643
MTMR11,2.4555916525697894,30.712155347901046,0.5785424124433001,3.246482244107292,1.1465545959802157,1.9370812339216132,4.3272182001356345
MUSTN1,0.4637117933959538,0.007536270703007653,0.2194921519955999,0.008102893179488434,7.654921512281466,0.05720918874538504,0.5996204817996639
MYO5C,9.153152583881763,3.360758548302195,1.6903585464937967,1.7156870869549392,3.286312531839028,88.77829074540722,4.003639947441925
MYOC,4.928612063847939,58.87777946884905,0.4865152581158743,1.1302806627708695,0.5384897662574725,1.683563222842999,112.92110985543609
MZB1,35.09379304523548,3.004865986276946,6.960393793871949,1.3519280133005322,358.4101828667418,56.73219440031174,13.179090753971348
NEFL,1.3377851962816398,23.159891334429886,2.7772789702397067,0.39156269648270825,0.39662847801741213,0.39877046345157974,0.8669398606121422
NEFM,0.7782361659738299,50.44965198054702,3.4778609850969087,0.85073581251669,0.6505049941452861,0.0,4.706678421016821
NELL1,0.8158311480886493,3.0672795221128517,0.27332469590965236,0.6950228881855148,0.4144678566480936,0.7043326915171942,18.337230282166708
NLRP3,44.09589923172459,2.739096676258708,18.680249075634585,346.0531272777426,25.958104257384434,28.93689130199141,26.08552030516701
NOSTRIN,14.152783717698492,10.072226364591447,0.7653747936086701,2.0869463515204956,2.1691798802902857,204.58240830707837,13.809437453599001
NOTCH4,23.613349115472477,9.310084607324297,0.91274586595273,4.136609865494169,5.3952791486566385,312.6395245662693,9.418769548603574
NOVA2,3.929136294374852,1.9849833626184439,0.0494009077228217,0.48711333142646784,0.4526577912256191,37.92283050917623,2.100888941505745
NOX4,1.5478934084283977,3.835130002335901,0.4086007272142346,0.37076788655691006,0.94287592656458,4.742406047684559,11.135922415590045
NPY1R,63.74754210756981,19.62209383387913,0.39658428726308403,1.0580106485548308,3.2635910376563344,2.9899590485770093,15.750495686554611
NPY2R,0.4136570090298021,10.638752409537588,0.048161466524975646,0.1308011894116811,0.0,0.03827296755041756,0.5278644019063146
NREP,32.340882591205755,166.62675351108504,1.5823430276205557,14.49902976432415,5.111249639721175,21.866059400434665,27.56634330029841
OLR1,7.157534855120667,0.07906273626598778,0.21577334875582566,56.4827254219651,4.635327333873421,6.843078567108293,1.0420038155027567
OXNAD1,19.960584623061273,5.537831848379722,96.55290626222582,3.589301138267657,17.144534759452014,6.5055026289836935,7.012583997509679
P2RY13,11.612872619175606,0.38830983536652214,0.8546357417095712,70.59102208583185,2.7993117892454578,5.270126317109518,8.993485228026092
P4HA3,4.286594719771496,24.41909930598465,0.9973196341346395,1.3863755578775487,0.8201797475405543,2.77254412105724,3.084403147561537
PASK,3.6810743866552187,1.9054973087032134,31.966571590505556,1.4755654535996807,5.2612134939478015,6.7837635018504825,1.4030722472339725
PAX5,0.3275757089043116,0.03337975817244845,0.09724777590004546,0.04353715453047403,29.995174693448117,0.659730460270755,0.28823044783711027
PBX4,4.774138751913014,3.8131838954464423,45.65696474338984,0.6389895307857274,4.589368607084931,1.1038337305788772,2.244390266402033
PCAT19,19.037805596342363,4.307678917826876,1.2047991081428682,2.105301257853227,6.3990532749928235,251.92219995047972,15.880029321271632
PCDH1,5.722465135151726,2.5290525765608107,0.4605986847717497,0.4790855427574978,1.4310204147490981,56.8111658426847,2.110993842065653
PCDH8,0.124590357267059,5.369217628773229,0.0,0.004918440453031648,0.1709974961986161,0.0,0.17607059508335623
PCDHGA12,13.50293280049628,5.541053825214215,0.18100712502252816,0.7548087440666225,0.4367306681412644,1.386828801184533,4.022798734479038
PCP4,8.895356035660493,0.2646227189390372,0.03868985473468451,0.009411573374131878,0.7539290175417,0.22530933040662005,0.3510680488797789
PDCD1,4.867358986817246,0.6770347679615518,53.744509524672125,0.5914979638593685,4.443448902403851,1.3806686810834052,1.4019196888046812
PDE1C,5.530557385438079,48.67879330531759,0.39108216363311593,0.6744134765925448,1.1102434856200467,2.0435133512912818,6.708300729537736
PDE2A,11.832292131332673,2.2670656878217574,0.9039558426848564,12.595380581844973,2.390876717735757,139.947792201687,5.8192359589750176
PDE3B,22.054935036333013,10.998361547270504,113.47201771586131,27.264248783824986,18.877501124303617,10.885438053051386,11.68619911588787
PDE4DIP,31.03410719956194,335.76557559560155,16.207126399036945,60.47969106646038,18.37753638348747,10.613197764327339,54.717465832097524
PDGFC,24.156123866273884,12.632454269848276,1.207273231417431,118.5642018948087,4.164675602725284,8.659940900167475,25.44820639663026
PDZK1IP1,11.42883505109409,0.8492737845309052,0.8771567893811849,0.8170979702191199,4.749375206468162,1.0631700081293027,1.9765352366674764
PHEX-AS1,2.5952689986208712,40.309238680621604,0.0,1.193322073339726,0.0,0.0,0.03340160621643974
PI15,3.2133824278352763,41.38300806373065,0.28121724536377074,0.1520939226569034,0.3809371535757846,1.4199942118212519,1.6245773881182992
PIEZO2,10.716478841871133,57.08981157122702,0.2985294510754155,0.49886924265128046,1.051572253220682,6.964550441527916,8.48703701926904
PIGC,60.43318669668162,36.892063701440364,22.720035507165733,16.756939630255676,17.3740488797003,19.076951271987067,27.6568689132072
PITX2,0.2841666321762518,12.554204166287768,0.0,0.10193388916985105,0.0,0.0,0.4452839512020925
PKP1,3.6728976759508614,1.1005698692689994,0.07835291284521853,0.2903340774217743,0.6748044315444061,65.77723316908867,2.657694447912406
PLA2G2A,209.79084961140185,504.36564408086593,20.363313930286864,41.87031276260251,84.35097372936755,48.40816483345857,891.3941259231419
PLAC1,0.30720014235839854,8.285597569419323,0.020259777758747093,0.0923316820970302,0.0,0.03568011945133111,0.13651824365404722
PLAUR,102.54260656876733,33.85906471788311,6.544688667643501,568.7442788560983,82.00690705080933,101.07107003370768,44.538306682413456
PNOC,0.5378046669865281,0.16620294875868902,0.026529910226844845,0.42267245746116483,20.99467871977181,2.83548956480428,0.6349154766239609
POSTN,208.9191434687295,1612.5147683645941,8.890818248560151,13.635973128968383,21.9965842338313,90.09222054019205,154.50973982319675
POU2AF1,3.4478066045240277,0.28599078280075985,1.890893311420117,0.41942228497874995,46.46004943376476,2.8827416259689747,1.1801178015631846
POU3F3,0.24311716492492869,11.635942364078383,0.030934951685019082,0.16934439268236404,0.07456988092681414,0.2067013111353235,0.4211285541585378
PPP1R1A,9.173466582344558,11.239591927907426,0.8805946986329137,8.339946676368692,13.473651905869774,14.469739111234395,33.33369257148124
PRKCQ,6.250157291078453,0.7707972685548156,35.24853450566364,0.2120574265478965,7.056265012177308,2.3407547237043205,1.9834424162775743
PRMT3,5.989011420802767,6.201182430307226,5.166819489014871,6.566561703072088,4.587658484768606,4.7053903020347665,18.327089569155255
PTAFR,12.340707512311642,1.1770402504381048,0.32728611624676196,66.64910586024145,6.670322595019288,8.10974074278743,5.934817430495877
PTGDS,191.92404392036414,284.07638547780664,44.467031515965516,41.48536340796922,216.6821614659754,100.86071147083958,532.3043176894241
PTGER3,16.966064557321285,6.447212996231334,0.7495643285933604,2.1590459726991527,8.391174631902636,9.181334611009838,9.223846455476167
PTPRB,22.344819404944783,8.68357258050643,0.7877417274736901,1.9650807247456283,2.270934259816276,216.22958848558864,14.446824513908721
PTPRR,2.882281039155524,6.932705826210218,1.1719334847811889,1.2739753876144624,1.1902810897678995,1.782399462948078,53.33791862419948
RALYL,0.0,16.04731702057109,0.0,0.031677475653559536,0.03558432577756608,0.0,0.23544926772106742
RAPGEF3,12.253211472089644,7.191268069183842,0.369514088038037,1.9324033519444126,2.124148891129579,107.3070773957126,6.338552807214862
RAPGEF5,17.53623429457198,4.528251537699719,0.9442529110787886,0.9263226874853644,8.657673916433472,146.07961390852765,5.992895422080573
RARRES1,154.02483602064862,99.88452036715869,2.5778002986292354,32.62357034467486,23.420603382469352,12.279928160729806,59.50361911485117
RASD1,173.92168688789315,189.5259727666286,11.179172580624996,18.062217288356504,55.448138758270424,99.42009741028788,419.22829162118205
RASIP1,15.213948498335357,7.745514912607639,0.826718232582644,1.671991177330654,1.8842621391341559,190.76114859983056,8.84794982455066
RASL11A,7.7292764766740145,12.449549716765734,3.2335211937102533,3.6744204487660275,14.109686913126064,9.165213468024897,34.303515592728466
RASSF6,0.18997884239788712,0.19031397828235275,0.21599001524187142,0.10157094428972714,11.896260268755483,0.7074166642595923,0.1890865808218637
RBM47,25.176790069601314,3.9934045583805116,1.9600748136298387,188.1375485758615,14.79946857402688,13.12213540260531,25.667915608571807
RBP7,196.48998421579242,28.137209647410153,11.727096031714135,105.31656427451078,51.7880235149701,2497.5918332018064,123.48710385490722
RCAN3,11.682579171474572,2.967380771322964,124.36918791643522,4.552277729543449,26.466142413913424,14.111626019199585,6.636014184639926
REN,0.1607020134692362,11.210142339994672,0.12181567886863451,0.02868867508813161,0.6014344233656648,0.31295468859972353,0.5993728683470809
RET,2.6415477018739977,5.281664605561792,0.18618808970866746,0.8602301995004702,0.9437227132116203,1.221252032169256,12.677670078972142
RGS4,9.28104136109947,2.304350758273575,0.7651570202849661,0.4190251209309255,2.3832284788245532,4.915930904968442,1.5106843144702156
RITA1,7.44312948920021,5.708322728555132,4.9818160533441125,5.729497142169855,6.258329177941159,7.175174928375551,36.86628359478494
RNASE4,3.643453529634289,6.1445220871818735,0.2457760748462009,1.1283408371677968,2.5513888022466364,2.693800583901123,15.63385846011362
ROBO4,23.37343130656984,10.54950800620534,0.697011886497026,3.020726808543607,2.0210036084291914,238.38747668196999,12.331139616299552
RPL18A,2402.118351127631,2065.5670634030707,4157.427859796887,1825.3010332078534,3596.6039644495313,1811.135973004496,7538.8584454594065
RPS4Y1,255.42425396367918,105.27720756349072,120.36284854697699,80.96058425247315,86.49073160186076,88.87863629470377,122.97766600776951
RSPO1,6.075579308980357,0.3333352454744227,0.011198726964554595,0.003952984155174552,1.9888412612256021,0.0,0.510583500691258
RSPO2,0.0,8.578391728147446,0.01455949837286686,0.11981155061422631,0.0,0.011444566616464695,0.4881090770518507
RTKN2,1.9622476234586403,3.2418022920934377,37.91111669554253,0.1737475514190651,4.322865047991457,1.5389258544528357,1.9626964855448377
RYR3,0.7930244055132974,13.403957779012831,0.366488698580403,0.06570700455818229,0.41012416111038613,1.8151738267761957,1.254182337148996
S1PR1,23.022444988536403,6.526680146717592,16.14538046355192,8.232124600805166,10.494133296199676,221.47374568838413,17.929979078771478
SAA2,0.43123200422201424,0.4834970535378708,0.4768356561313869,2.807176071562973,3.303877630184064,5.6305886676213195,13.602699820826519
SAAL1,6.955951425730473,7.135336492381744,8.679970212593782,5.892009474767319,6.6892963381423804,6.38215734412217,27.927062371462196
SCN4A,3.1288950776831754,1.7361211109350028,0.4004593510770133,0.607120522360312,2.1742212744549763,56.41151420285087,3.4283336654944585
SCN7A,5.591498472441479,50.6647749965163,0.31419130238865,0.2565823221383286,1.0879345715531812,0.8524714502604057,7.150600680406571
SCN9A,8.58677111449958,3.5206230960539964,1.0137143600999048,83.40395345432425,4.736525529871591,10.141690183479207,11.130768870828646
SDS,7.3083075372389334,0.3005942195919595,0.25858415221725656,55.35458409712223,3.988703629196161,6.082881800656191,1.2767894631094387
SEMA3F,6.247872379786551,2.9265062993299145,0.21767724727709814,0.464518924273884,1.4314228351187892,60.40702389739578,2.840225295184676
SEMA3G,6.948800772859167,2.9445143184179967,1.078960078182243,0.9308384191226947,2.5432729861566727,130.35416579222567,6.844705294530021
SERPINA3,2.073960326158899,2.4082912570103945,0.16820571133500695,0.13270267071076777,0.22683705816671293,0.05210037951785734,7.999932389854856
SERPINA5,0.8529856842015522,0.9809272665945471,0.11531827476544364,0.2048541312575663,0.1978095658379773,0.8862282674520472,6.449291712352564
SH2D1A,24.44081536314569,2.6692339298928887,163.52463764138489,0.4805214421166876,37.39159320376363,10.749334079732431,9.798013248293058
SHANK3,20.675551906877686,11.094249442512979,0.4389712175284793,1.2716320832864227,1.7989133696398365,210.69364871030066,7.35223067058602
SHISA8,0.1770414766933542,0.1704120013932195,0.36607664983789406,0.10145639739508358,11.670263906337127,0.04581201418232188,0.2483054453887143
SHROOM4,6.490891344169327,5.568867425316504,0.3267395278108415,0.47406498877887115,1.0561422326397036,59.23725231250239,4.877971865874482
SIGLEC1,36.38191197597008,1.9938568871347095,1.2399795435427334,204.7052402712351,1.6321598790004306,5.721955136390739,30.209419133566644
SIRPB2,2.870216857543058,0.23000521682591185,0.28607879509948114,18.9398652359425,2.250306937577354,2.6471514200584196,2.5415119307870833
SIRPG,4.310204413045038,0.2685181867284937,51.481820021161816,0.1476437082833837,8.058184133090473,1.7045213071796663,1.350567625100446
SLC16A10,7.520533256547073,8.26995482064567,2.0478191858600017,98.74214610228762,2.484733507244542,5.748266461458647,1.947099110829133
SLC1A3,35.33699214827626,38.02774772947131,2.1948695024205893,199.82355693041487,6.5185239422193275,11.172131811918803,35.31487521876006
SLC1A7,8.087679402094157,3.531193616941711,0.7780037087256051,0.30779481330151154,1.1927801109643137,1.2015894575030186,3.1769345781486256
SLC26A10,1.9817990084112387,29.03379070725633,0.0,0.14366755143132998,0.3858344305598384,0.5182477596248853,3.031677598278581
SLC26A7,0.14514750035939944,22.91641053584926,0.1676455424959362,0.32070983486944304,0.8348427842018736,1.3224100690360008,1.9720385197175456
SLC37A2,2.993779553066627,1.099081762864738,0.904263346015793,26.33689827728439,1.56904857975722,1.8454068939890305,3.2582280555432344
SLC7A10,4.330424142938087,4.033590969013843,0.32853544821139213,0.8707158433065878,1.6604295917391965,2.5870620593693974,8.074740407660045
SLCO2B1,114.90178349897414,6.04526828607586,5.020269566757282,516.2309021242878,4.833834740415797,20.345945231109788,68.0296338252641
SLPI,68.8773300024788,54.63451698956357,1.2418127596942208,10.745056741964955,51.517635467860345,3.3718698205550712,143.25201613051405
SMIM1,13.995081098546503,3.861116525758922,2.0595374777246205,3.716611251398504,4.731631164617957,4.518766592144674,6.313235356569318
SMIM4,27.807995240935835,31.057527195220327,23.039416022553283,28.460941857220234,23.31346181448162,25.64517021257782,52.18240933836404
SNAP25,1.9225880301605511,13.000165812132515,0.1757773464780198,0.20465595939586595,0.07633002694433211,1.5974562982577114,0.7273045438279386
SNHG19,10.583483592170303,18.38132661926781,8.693911450094015,3.9141868681606873,9.561551399437063,7.985897760599875,46.06763870146326
SNTG1,0.2183838824094132,6.242165560792311,0.09632209126104468,0.07439086606514499,0.0,0.0,0.5420956567441607
SNX22,0.6075440763480522,1.1081717075579616,0.5975291293611408,0.6434577117462048,11.166638001484044,1.0198527273692597,1.1310964846477112
SOX17,27.351236899858982,3.8813917847815422,0.8358603293910639,2.328373667387038,2.216155705286236,308.9480609045389,10.591982638866885
SOX2,1.1133636338541317,33.92798289726492,0.0439376292104328,0.2024983760136636,0.06423863578347114,0.02168468396459689,0.5836920586814112
SOX7,7.421249836591508,2.4475404072702096,0.3805188071742945,0.8088629515736728,0.821067206778229,63.53493644168737,2.437144921400142
SPAAR,4.524981770227881,3.083354115662048,0.17278404565707847,0.4091736015454528,0.5772346896088476,65.85223157298022,3.2950231059657553
SPIB,2.633926014409844,1.0697663692943875,1.268843606972429,8.486903276518058,58.418160407832744,9.980591513279503,1.702411300727115
SPOCK2,41.13091302894521,8.294917394808527,283.88684128788464,1.0421827992837465,57.5973358970285,27.34575408447818,10.674841995023188
SPOCK3,0.22721728834974897,6.618042019022706,0.0353431823001343,0.15802009152336158,0.1892480525023642,0.0,0.24705326039038927
SPTY2D1,29.081551773805035,36.04181102911157,65.33549722408647,49.934627415567356,55.51967976331875,45.510613386810505,192.9785107677504
SPTY2D1OS,3.0367083157923025,3.789379817477323,1.5879955779267394,2.079231006855148,2.6942416376189713,2.1479938801381815,32.87171143570671
SST,9.100711585134638,5.491962612537556,0.018360094701368467,0.0681124673060157,0.0,0.0,0.20439161449222093
ST6GALNAC3,3.9197030685865246,2.436977104028518,2.2125821134247614,2.3879773029986238,3.024742688096782,58.44142762203349,3.5875089391869044
ST6GALNAC5,0.05612882521345897,5.1844336120123815,0.2551582782513438,0.07441057733570859,0.18272307835562474,0.0,0.19368371232824658
ST8SIA1,3.02537829509488,8.48943244790578,10.340211424899676,2.3256964125975386,1.2248635386066398,2.6924677410283673,24.2169894870591
STAB1,127.02037885685371,7.412305292653139,3.56449111546957,635.1491648319474,3.748104868492905,63.74827975513321,62.19928308516481
STAG3,4.4396146395080045,5.5890390173602285,8.044825213233786,2.1712034450198585,65.68611352161416,5.083354446915598,1.825623767851878
STAP1,2.4753453070526255,0.18263108151347202,1.7472711215797556,1.4359952345226796,24.535265718846365,1.4013585926121102,0.4118950624496062
STARD4-AS1,2.23594229545164,14.324356385591313,0.4572925535535581,0.45491574675448115,0.8010675286431442,1.259835260277539,2.0273326947091648
STEAP4,54.98323484120977,80.23926375236186,7.664850926179383,21.099591557371483,50.078198559301356,72.52905501445679,157.56503572310618
SYN2,3.4459430700088305,1.1526697032411761,0.022838890016241876,0.755268193376441,0.7419131155061991,37.779245336256125,2.3303493781761477
TAC1,0.4578560052573457,26.11338712540378,0.03390360683584381,0.3228727600531166,0.19216200029679348,0.0,1.4174652443066391
TADA1,6.519430444264568,73.18507041577293,2.886201161455667,1.8425989830079328,2.984415680144805,3.308844911315656,3.071485294834644
TARID,0.38852105282614147,11.330638318551683,0.057844028825528485,0.06642818070905605,0.3150348338269886,0.25300335851723194,0.6864107997852534
TBXAS1,29.4631207555253,1.7474426592832775,9.161027478407837,144.62431100450124,21.574165255584692,18.505803888150332,15.512668601047324
TCEAL2,6.187155875153769,1.1570016631249624,0.30355412220363237,0.03258707097399305,1.606948343980676,0.5088050957489866,0.5748252770926012
TCF15,5.0415137948267805,3.5661004546466524,0.11236956191453525,0.9579045668662699,2.998367753492743,83.89001248557372,5.012333022756808
TCF21,18.542849197781784,125.08443609218921,0.5583981824436745,1.3915837188391078,3.013500332679442,2.8457275551955443,17.404847417853656
TCL1A,5.1722959525188905,0.26528913811366717,0.5584550338214593,0.6410522005913406,140.60586897684846,14.20128374068035,1.6264406158987976
TDO2,3.319512152390655,47.50280757402087,0.14192326564494062,0.7914177349676291,0.38046592973775784,0.4407598929642271,2.8676737885479855
TEK,5.467027103659179,2.651480923784465,0.2640951916465716,0.6255841933513422,0.24379254881002976,51.221161262834386,3.8744792944421005
TERT,0.051662621999990284,10.123893092022646,0.0698179685390226,0.13498838702359783,0.07371521975437104,0.0,0.039969731721561895
TESPA1,8.762881966538874,1.5789318815637077,40.260603371427145,0.3523109070774997,9.055191566378962,2.23721693218384,2.109320417414572
TFRC,44.62401633097821,33.59900491331704,36.25648095788167,513.4501233279284,44.96291515694505,53.34974362250573,60.063568006220954
TGM1,6.773590789765574,0.4946572952124275,1.23624469021411,0.2896810145619497,2.366308976259924,0.07755909293759006,0.4905297133238478
THBS1,79.08486857588062,130.4525156725177,6.729643274772629,725.7026350491949,64.872468157356,158.40256026648916,83.53616466244368
THEMIS,6.434188484131423,0.866291677894957,51.711473443692945,0.15382598030570935,2.9369390942441687,1.219840907350341,2.206138104791704
TIE1,16.247756959403585,4.927696772797806,0.9896740036566257,1.2520581181637551,1.9934938752004268,147.26189718106224,4.739229327532247
TIGIT,24.79175994330521,1.2574074464949692,181.5384319221137,0.31635350160794234,39.58470714744322,5.6869968461266165,8.737835798328708
TIPARP,125.66185657944413,126.5933919908822,95.4251177825784,112.86603113549184,80.57463776887269,99.79774590710619,257.3272922710976
TLR10,0.5186484402588883,0.24896098014089257,0.09679836872244107,1.0884889945570166,11.790080752536955,1.678235594867157,0.30920653831739736
TLR2,17.74305118939974,3.1034632779921107,2.096555350555897,187.0796528961984,22.373881227620544,32.398895825171124,17.74925572341981
TLR3,7.403474131317119,10.32040020760139,2.295352357276125,5.919754311238088,1.9327245878385695,9.642450988534371,19.692469500784828
TLR7,5.426081941323594,0.6756506811918472,0.5100706770614878,35.30787675020472,3.6570148325218073,3.5466577008479225,6.291266709851746
TLR8,5.6229134625157915,0.3997755879586117,0.25047116459550217,30.976275131862668,3.1707224436663477,3.7412543979562813,5.996268328736376
TM4SF18,21.631823140177712,4.897505538307578,0.7932802070377735,1.3463178888494693,2.7135334256078925,191.41489877308376,13.129757727754702
TM4SF19,12.95920889697917,0.24876935832402897,0.8499989702588033,6.403536902300262,0.279200036175623,1.7661505720062975,1.4549120460674316
TNFRSF13B,0.514320297216851,0.16314050670647734,4.284505898095353,0.1282677960531216,45.216110465513154,0.5197613833584277,0.7686979637138966
TNFRSF13C,2.236956794175934,1.1453192147471207,5.569933299567507,0.5371371168363649,200.8926866694308,5.274279234328062,1.2440801511924726
TNFRSF17,1.9582278660684358,0.2805384187567009,0.15354172287290002,0.16108936731890253,19.426455980496645,2.7409246321431437,0.7543552484512687
TNFRSF9,14.384910663179857,0.9288202426300189,84.34016401613134,0.9464382332928519,18.996974760756867,5.006478779328676,4.356616711242464
TNFSF13,1.0501025998515583,0.39348219698846965,0.3067901103775825,15.71499392935206,0.9370762506977898,1.9658972506277397,1.6036465507067337
TNFSF8,6.318060474940862,0.5071282906511149,57.71877601922053,8.922917445468904,13.05288016856594,3.1126923126473662,2.8757745024049823
TNNT1,10.01676748321593,0.7445545580041092,0.0,1.7983283779504617,1.9419343868162695,0.1568670112738503,0.28067196893242835
TNNT3,19.10444272473396,43.888410388382866,1.858152242818961,5.599303412753592,2.1352013838692607,24.0532766765274,84.82832624277596
TPSAB1,234.31470412717178,4.1934528356069976,5.948162434415716,4.727809796558093,150.21690607168676,76.91928602561845,23.22246751743203
TPSB2,444.8012390462473,3.730331037571459,8.876614830299157,7.264413996387968,266.54282730504,163.80835517077205,31.587950215866524
TPTE2,0.044720392344167935,0.6417483846856414,0.27271473473534813,0.47988138455757784,0.7435378580610161,0.1206366404342186,5.088344159602409
TRABD2A,3.5180430270576584,4.709745504048853,35.13940187493459,3.057152238050837,5.442800147967546,5.110289585191631,3.0686778437297564
TRAC,58.82489350124211,22.369341237447323,619.6628496637713,2.24670448100531,65.35839388109343,17.19070186337389,21.12321807596377
TRAT1,13.060487225661596,1.1359322016450604,149.48564122758285,0.17763735463891323,9.609185169665176,3.9287279875283776,4.586173171550892
TRBC1,94.97762156562584,4.908838778511666,709.4071486477063,1.7438709062842637,111.88873958978353,27.17454817919997,20.717259885525912
TRBC2,76.2132225652246,5.050427129117164,714.1841775821189,1.5290854334421211,133.62475490894664,30.006391912191877,23.673691204926705
TRBV28,0.8672962535024531,0.10956592150428272,9.930280416877194,0.0644411866421269,0.049842626889857966,0.08842591438143155,0.6066360382330452
TRGC2,6.918314772362832,1.6860298326765584,124.4324513961413,0.5737885888189329,17.061859207050443,6.7755978014345155,7.2069612587186915
TRGV10,0.6344654305430569,0.04055862107518275,10.744147614848798,0.0335422793723032,0.4783186078170204,0.9917334847543118,0.21583655620469114
TRGV2,0.4676498923402797,0.07704427176141176,5.498203742660896,0.008708361402366676,0.10278149053174232,0.39995999358428747,0.5471589928683933
TRHDE,8.008738143070806,18.80910857346391,0.3022615783617507,1.2957904739187907,1.259434775214923,0.47439740936191954,40.76336219082649
TRIM63,6.821076532415933,0.4843615174922001,0.139718537184517,0.22814874116770179,3.9952801093007477,0.5707225853484812,0.38443157314400744
TRPM3,1.3586079808663527,11.243197114246904,0.08602957935895067,0.24896165444326246,0.2709951804477736,0.24787393326731844,1.1707268280536522
TSG101,56.45684021518634,50.71431465471847,40.58979528089395,57.11910252278357,39.81093400184256,68.62635258087047,338.6581474178565
TTC39C-AS1,0.3318707460128121,0.2229930499305915,6.758715413320224,0.07948841044202762,0.10506481645795543,0.2856297393114495,0.5956870656197918
TTN,18.065348180504902,5.497322815661571,27.764333126823196,226.58636699924935,25.157272359551598,21.235115475204573,18.846553389945186
TUBB2B,5.274260033632669,77.28502248064434,0.16365158604987692,0.7910446501028906,1.967910821154669,1.3714614802398564,5.0748592561868975
UBASH3A,2.3858570998252295,0.2546277482627841,12.663247006584227,0.03615797216597065,1.5657111683119023,0.5512892914494226,0.6419669827728031
UEVLD,9.400531948139943,10.933297582455381,5.2826301910493285,20.796511738735123,4.948139437128154,11.231422893820032,74.03538179716931
UGT8,0.09538334544849433,0.0629728443448014,0.029834310985374035,0.10637315784230661,5.984642870950806,0.15551497877870454,0.09911496246854325
UPK3B,41.798117393296025,0.19822380218874902,0.07808413754268519,0.14865551081283054,20.79861647939898,0.027608303922410853,3.9602119315534074
VASH2,5.7235561831900394,65.42456399635721,0.5636631452870511,0.6300931537261205,3.575395297084292,3.445490092242156,10.536168957835484
VGLL2,0.22019113509150676,6.115403431382836,0.0,0.03877183608513442,0.020626099911331117,0.0,0.24044017872564127
VPREB3,0.4721052319861364,0.5447642406772333,0.10575090833802499,0.22449584046572185,86.3903619224085,1.7774399266107368,0.46402371785836183
VTN,13.353026075392068,0.7953391709029839,0.10555056225914353,0.4889939788878107,2.7319851643056063,0.13107447644856568,1.3445398443741676
VWF,134.01317840579128,40.004373453152624,2.4097698960504537,6.082668625920847,0.6401371510184232,1723.319071467114,30.713904208150932
WDR37,30.973812176400223,11.28656215305077,15.108340034502222,9.241716726621256,10.737788014633287,10.43832841695145,8.901895179452051
YEATS4,200.16156753004447,71.07598968673423,25.848307633244325,17.385524939234383,20.48091772269588,22.897095111470843,89.53578487043745
ZDHHC13,6.405986961343022,7.7448490761762105,8.881843880473712,3.7677157744025127,4.775282338767999,10.124067540640869,20.610462948804454
ZNF683,1.1245162835313405,0.029706940909103922,9.903857716877509,0.013630183388925392,1.1354988705657316,0.0846144525546457,0.48244023060347707
ZNF831,14.303476853040022,0.7778239730345187,116.43125228555031,0.4954073337948861,11.310852226066242,3.619371279194666,3.945844470223434
ZSCAN16-AS1,30.774216264238493,28.3958094142737,31.190784096479042,28.753737223719316,31.988360538261293,26.493735411605762,63.083228298265645
