Gene,Pval,FDR,Stats,diffAvg,avg.R,avg.NR
ALDH1L2,8.354219e-05,0.11720969257,18.0,-2.253484,-0.258861,1.994623
MFAP2,0.0001395753,0.1956845706,20.0,-3.252504,2.901905,6.154409
CDH1,0.0001784619,0.2500251219,174.0,4.695203,6.19247,1.497267
OLIG1,0.0002268032,0.31752448,173.0,3.8139195,3.337104,-0.4768155
TRAF3IP2,0.0002862549,0.4004706051,172.0,1.787198,3.821787,2.034589
TDRD10,0.000359381,0.502414638,24.0,-1.1744323,-2.002854,-0.8284217
CILP2,0.0005565384,0.7774841448,26.0,-2.4147547,-1.801058,0.6136967
MEX3B,0.0005565384,0.7774841448,26.0,-1.0395443,0.4294017,1.468946
SLC45A1,0.0006869796,0.958336542,27.0,-1.4736537,-1.826097,-0.3524433
RASL11B,0.000843915,1.0,28.0,-1.7012004,-1.382577,0.3186234
PKDCC,0.000843915,1.0,28.0,-1.168662,1.29307,2.461732
FOXC2,0.0009872933,1.0,25.5,-1.331849,-2.426073,-1.094224
H1F0,0.001031404,1.0,29.0,-1.262369,6.073513,7.335882
SLC16A3,0.001255002,1.0,30.0,-2.283607,4.243083,6.52669
MXRA8,0.001255002,1.0,30.0,-1.996743,3.272629,5.269372
STC2,0.001255002,1.0,30.0,-1.25939568,-0.08335368,1.176042
WISP1,0.001519838,1.0,31.0,-1.8376125,0.2038025,2.041415
CRLF1,0.001519838,1.0,31.0,-1.3069933,-1.470733,-0.1637397
LYSMD2,0.001519838,1.0,164.0,1.081506,3.762567,2.681061
ZNF219,0.001519838,1.0,164.0,1.228109,4.29986,3.071751
FBLN2,0.001832854,1.0,32.0,-1.907241,2.231156,4.138397
TSHZ3,0.001832854,1.0,32.0,-1.6686799,0.2338531,1.902533
CDR2L,0.001832854,1.0,32.0,-1.291553,1.677729,2.969282
ITPRIPL1,0.001832854,1.0,32.0,-1.271089,-0.3441939,0.9268951
WDR86,0.001832854,1.0,32.0,-1.25951259,-1.211709,0.04780359
LOC102724050,0.001924489,1.0,34.0,-1.111756,-3.321928,-2.210172
CCL7,0.002014619,1.0,30.0,-2.1835543,-2.396656,-0.2131017
FBLN1,0.002200781,1.0,33.0,-2.589232,4.17057,6.759802
IL10,0.002200781,1.0,33.0,-1.1208539,-0.5407132,0.5801407
USP2,0.002200781,1.0,162.0,1.8762153,1.101452,-0.7747633
MIR503HG,0.00263206,1.0,34.0,-1.9319315,-0.8976805,1.034251
ITGA5,0.00263206,1.0,34.0,-1.773712,3.367958,5.14167
SPAG4,0.003135076,1.0,35.0,-2.22776434,0.01987766,2.247642
F2RL3,0.003135076,1.0,35.0,-1.4716304,-1.314709,0.1569214
RAB31,0.003135076,1.0,35.0,-1.226698,3.569357,4.796055
HOGA1,0.003135076,1.0,160.0,1.7582137,1.082658,-0.6755557
C20orf26,0.003192318,1.0,33.0,-1.277359,-2.820515,-1.543156
LOC388849,0.003720352,1.0,36.0,-2.1623767,-1.664514,0.4978627
SH3RF3,0.003720352,1.0,36.0,-1.8524042,-0.1713912,1.681013
FBN2,0.003720352,1.0,36.0,-1.59958421,-1.634473,-0.03488879
ANO1,0.003720352,1.0,36.0,-1.206266,1.300973,2.507239
HSPB2,0.003720352,1.0,159.0,2.622637,4.730273,2.107636
ADAMTS12,0.004397983,1.0,37.0,-1.6475076,-1.076661,0.5708466
MMP2,0.004397983,1.0,37.0,-1.280251,4.978145,6.258396
TMEM204,0.004397983,1.0,37.0,-1.086398,3.180613,4.267011
CYP39A1,0.004397983,1.0,158.0,1.0927381,0.5097313,-0.5830068
CRYAB,0.004397983,1.0,158.0,1.42328,8.262767,6.839487
GRAMD3,0.004397983,1.0,158.0,1.511263,3.240479,1.729216
RNF43,0.004397983,1.0,158.0,3.366819,1.909059,-1.45776
LINC00221,0.004749632,1.0,159.0,5.582152,3.188421,-2.393731
APCDD1L,0.004930722,1.0,36.0,-1.8237489,-2.481193,-0.6574441
GPC3,0.005180577,1.0,38.0,-2.5453944,0.1213066,2.666701
KIAA1644,0.005180577,1.0,38.0,-1.7990805,-2.065944,-0.2668635
PXDN,0.005180577,1.0,38.0,-1.792308,1.703183,3.495491
F3,0.005180577,1.0,38.0,-1.5700116,0.4601974,2.030209
EBF4,0.005180577,1.0,38.0,-1.4361501,0.3928779,1.829028
CPE,0.005180577,1.0,38.0,-1.35976,2.751096,4.110856
MMRN1,0.005180577,1.0,38.0,-1.3366295,-1.708064,-0.3714345
PRR5L,0.005180577,1.0,38.0,-1.1112193,0.2803447,1.391564
GJA5,0.005180577,1.0,38.0,-1.0969269,0.5459091,1.642836
DCSTAMP,0.005180577,1.0,38.0,-1.0039008,-1.84868,-0.8447792
BTN2A2,0.005180577,1.0,157.0,1.095465,4.162299,3.066834
MARCH3,0.005180577,1.0,157.0,1.347824,1.480614,0.13279
PLEKHB1,0.005180577,1.0,157.0,1.960591,4.311329,2.350738
SCGB3A1,0.00555513,1.0,37.5,-1.671262,-2.749919,-1.078657
EGFL6,0.006080579,1.0,39.0,-2.4310006,-0.4087696,2.022231
PAM,0.006080579,1.0,39.0,-1.647636,2.729207,4.376843
JAM2,0.006080579,1.0,39.0,-1.3712591,0.3323929,1.703652
AXL,0.006080579,1.0,39.0,-1.361305,2.113637,3.474942
TMEM100,0.006080579,1.0,39.0,-1.2198963,-1.503462,-0.2835657
RASL12,0.006080579,1.0,39.0,-1.0555778,0.8514472,1.907025
GFPT2,0.006080579,1.0,39.0,-1.026043,1.809454,2.835497
CELSR2,0.006080579,1.0,156.0,1.263952,3.66754,2.403588
APOM,0.006080579,1.0,156.0,1.6581358,-0.2957672,-1.953903
AJAP1,0.006563274,1.0,38.0,-1.076949,-2.593238,-1.516289
GPR150,0.007091815,1.0,39.0,-1.588246,-2.692376,-1.10413
EDIL3,0.007112784,1.0,40.0,-2.5638916,-0.4841846,2.079707
GEM,0.007112784,1.0,40.0,-2.140455,1.512697,3.653152
DNM1,0.007112784,1.0,40.0,-2.0213723,0.9354597,2.956832
CLMP,0.007112784,1.0,40.0,-1.9378345,-0.3041335,1.633701
SH3RF3-AS1,0.007112784,1.0,40.0,-1.6252225,-1.87546,-0.2502375
FABP3,0.007112784,1.0,40.0,-1.499286,2.074779,3.574065
ID1,0.007112784,1.0,40.0,-1.264457,3.93412,5.198577
ANGPT2,0.007112784,1.0,40.0,-1.21490704,0.04675296,1.26166
MRC2,0.007112784,1.0,40.0,-1.025815,2.938482,3.964297
HHATL,0.00725996,1.0,156.0,2.2708138,-0.8636852,-3.134499
NMU,0.007536569,1.0,39.0,-1.8720997,-1.852886,0.0192137
LINC00632,0.007897147,1.0,40.0,-1.28982,-3.321928,-2.032108
IRX1,0.007992436,1.0,39.5,-1.235847,-1.667956,-0.432109
CYS1,0.008291883,1.0,41.0,-1.6651333,-2.255144,-0.5900107
HEYL,0.008291883,1.0,41.0,-1.6219248,0.7036722,2.325597
GPR84,0.008291883,1.0,41.0,-1.2325053,0.1132177,1.345723
RAB3IP,0.008291883,1.0,154.0,1.343584,0.6313092,-0.7122748
LOC100129046,0.00891629,1.0,154.5,1.142917,-1.688302,-2.831219
SNORD89,0.009048926,1.0,145.0,7.520084,4.198156,-3.321928
HES7,0.009153676,1.0,40.5,-1.154026,-2.631213,-1.477187
LINC01152,0.009239898,1.0,154.5,1.1022572,-0.5258828,-1.62814
TAC4,0.009519518,1.0,42.0,-1.197991,-3.321928,-2.123937
CCDC74A,0.009635448,1.0,42.0,-2.52187,-0.919895,1.601975
SAMD11,0.009635448,1.0,42.0,-2.1402904,0.2375166,2.377807
DKK3,0.009635448,1.0,42.0,-2.110333,1.932141,4.042474
HTRA3,0.009635448,1.0,42.0,-2.030954,1.620741,3.651695
TRPC6,0.009635448,1.0,42.0,-1.7905635,-1.433783,0.3567805
HOXA11,0.009635448,1.0,42.0,-1.61043691,0.06340009,1.673837
C14orf37,0.009635448,1.0,42.0,-1.4785885,-0.9078196,0.5707689
FLT1,0.009635448,1.0,42.0,-1.476594,1.489743,2.966337
FER1L4,0.009635448,1.0,42.0,-1.3559933,-2.293388,-0.9373947
LAYN,0.009635448,1.0,42.0,-1.3290929,-0.4101915,0.9189014
PPP1R14A,0.009635448,1.0,42.0,-1.274264,1.475811,2.750075
KCNE4,0.009635448,1.0,42.0,-1.237635,0.583779,1.821414
GPR116,0.009635448,1.0,42.0,-1.029448,1.602861,2.632309
COLEC12,0.009635448,1.0,42.0,-1.010921,1.39335,2.404271
NXPH3,0.009635448,1.0,42.0,-1.008978,-2.619169,-1.610191
NFIL3,0.009635448,1.0,42.0,-1.008108,2.292128,3.300236
RAB17,0.009635448,1.0,153.0,1.196085,4.801034,3.604949
DISP2,0.009635448,1.0,153.0,1.4390312,0.1340842,-1.304947
CNN1,0.01116047,1.0,43.0,-1.8911616,-0.4653586,1.425803
ROR2,0.01116047,1.0,43.0,-1.46636719,-0.04972719,1.41664
SLC38A5,0.01116047,1.0,43.0,-1.4381184,0.3343566,1.772475
COL6A3,0.01116047,1.0,43.0,-1.405908,4.872065,6.277973
SYNGR3,0.01116047,1.0,43.0,-1.3828052,-0.6775792,0.705226
VEGFC,0.01116047,1.0,43.0,-1.2443599,0.3784561,1.622816
TGFBR3L,0.01116047,1.0,43.0,-1.2291565,-2.173865,-0.9447085
NUMBL,0.01116047,1.0,43.0,-1.214687,2.444792,3.659479
DACT1,0.01116047,1.0,43.0,-1.1796679,0.2587661,1.438434
HYKK,0.01116047,1.0,152.0,1.0954206,1.680763,0.5853424
ST3GAL6,0.01116047,1.0,152.0,1.277797,5.353817,4.07602
CEACAM1,0.01116047,1.0,152.0,1.708838,4.707439,2.998601
DDR1,0.01116047,1.0,152.0,1.8984673,2.644264,0.7457967
RSPO4,0.01124532,1.0,42.0,-1.424701,-2.724322,-1.299621
HHIP-AS1,0.0116467,1.0,42.5,-1.414025,-2.934476,-1.520451
LOC101928710,0.0126183,1.0,43.0,-1.015177,-2.686815,-1.671638
LOC644919,0.01265542,1.0,151.5,3.632845,1.08657,-2.546275
LINC01013,0.01274058,1.0,152.0,1.5056521,-0.4482399,-1.953892
SRPX2,0.01288713,1.0,44.0,-2.033529,0.54541,2.578939
TIMP3,0.01288713,1.0,44.0,-1.897088,5.587529,7.484617
PALM2,0.01288713,1.0,44.0,-1.8721072,-2.177301,-0.3051938
TPPP3,0.01288713,1.0,44.0,-1.769761,2.316496,4.086257
VCAN,0.01288713,1.0,44.0,-1.7074,3.369027,5.076427
BCAT1,0.01288713,1.0,44.0,-1.5895141,0.4454619,2.034976
FBLN7,0.01288713,1.0,44.0,-1.5799961,0.6409309,2.220927
FHL5,0.01288713,1.0,44.0,-1.5069808,-1.973551,-0.4665702
DPP4,0.01288713,1.0,44.0,-1.4708449,-0.5425276,0.9283173
MMP28,0.01288713,1.0,44.0,-1.4138624,-0.6024489,0.8114135
METRNL,0.01288713,1.0,44.0,-1.404166,4.508162,5.912328
ID3,0.01288713,1.0,44.0,-1.316347,4.157476,5.473823
PDGFD,0.01288713,1.0,44.0,-1.2057017,0.7174033,1.923105
ZMIZ1-AS1,0.01288713,1.0,44.0,-1.1963137,-1.432852,-0.2365383
SERPINH1,0.01288713,1.0,44.0,-1.075085,6.622783,7.697868
ERMP1,0.01288713,1.0,151.0,1.012438,3.351498,2.33906
METTL24,0.01304391,1.0,44.0,-1.646125,-3.130727,-1.484602
HAPLN1,0.0137077,1.0,43.5,-1.142776,-3.002558,-1.859782
LOC101927129,0.01424912,1.0,146.0,2.152855,-1.169073,-3.321928
GAL,0.01483526,1.0,45.0,-2.949571,-1.325136,1.624435
INHBA,0.01483526,1.0,45.0,-2.61975047,0.08821353,2.707964
ADAMTS7,0.01483526,1.0,45.0,-2.15874052,-0.01255252,2.146188
PRRX1,0.01483526,1.0,45.0,-1.982901,3.002196,4.985097
CACNA1H,0.01483526,1.0,45.0,-1.8773198,-1.224324,0.6529958
EFCAB4A,0.01483526,1.0,45.0,-1.8327635,-0.7696125,1.063151
HOXA13,0.01483526,1.0,45.0,-1.7780097,-2.025691,-0.2476813
COL6A2,0.01483526,1.0,45.0,-1.621793,6.523097,8.14489
SEMA3F,0.01483526,1.0,45.0,-1.431472,1.508142,2.939614
CERCAM,0.01483526,1.0,45.0,-1.272418,4.440002,5.71242
IPO9-AS1,0.01483526,1.0,45.0,-1.2194581,-0.8265527,0.3929054
ITGA8,0.01483526,1.0,45.0,-1.1709789,-1.762241,-0.5912621
MEX3D,0.01483526,1.0,45.0,-1.142663,3.15812,4.300783
EFNB2,0.01483526,1.0,45.0,-1.134314,1.420504,2.554818
HPCAL1,0.01483526,1.0,45.0,-1.121826,5.10078,6.222606
HIC1,0.01483526,1.0,45.0,-1.00638,1.711539,2.717919
RTP4,0.01483526,1.0,150.0,1.492421,4.29354,2.801119
ST6GAL1,0.01483526,1.0,150.0,1.893552,5.384045,3.490493
MYO5B,0.01483526,1.0,150.0,2.136646,1.106958,-1.029688
TBX5,0.01645418,1.0,45.0,-1.756039,-3.062714,-1.306675
FAM212B-AS1,0.0165875,1.0,45.0,-1.481315,-2.793389,-1.312074
HOXA11-AS,0.01702749,1.0,46.0,-1.9803441,-1.363356,0.6169881
HPDL,0.01702749,1.0,46.0,-1.67877,1.086386,2.765156
SLC6A9,0.01702749,1.0,46.0,-1.5952475,0.3078715,1.903119
HEPH,0.01702749,1.0,46.0,-1.44800957,-0.08735857,1.360651
PMEPA1,0.01702749,1.0,46.0,-1.435676,2.639133,4.074809
PRR16,0.01702749,1.0,46.0,-1.4286561,-0.3938591,1.034797
FHL1,0.01702749,1.0,46.0,-1.395712,2.878072,4.273784
PTN,0.01702749,1.0,46.0,-1.379301,0.340568,1.719869
SDK1,0.01702749,1.0,46.0,-1.3556552,-1.903317,-0.5476618
FOXL1,0.01702749,1.0,46.0,-1.3425475,-1.805673,-0.4631255
KCNMA1,0.01702749,1.0,46.0,-1.331075,2.320889,3.651964
FAM225A,0.01702749,1.0,46.0,-1.169102,-2.205876,-1.036774
ZNF695,0.01702749,1.0,46.0,-1.16775289,-1.24708,-0.07932711
SCARNA12,0.01702749,1.0,46.0,-1.164094,1.709207,2.873301
PLA2R1,0.01702749,1.0,46.0,-1.1124749,-1.467751,-0.3552761
NT5DC2,0.01702749,1.0,46.0,-1.046505,4.714702,5.761207
ACE,0.01702749,1.0,46.0,-1.020677,1.35091,2.371587
LDB2,0.01702749,1.0,46.0,-1.005769,1.390156,2.395925
NRP1,0.01702749,1.0,46.0,-1.003036,2.899925,3.902961
GPR56,0.01702749,1.0,149.0,1.048476,7.053068,6.004592
EPB41L4A-AS1,0.01702749,1.0,149.0,1.10751,5.10299,3.99548
ARHGEF37,0.01702749,1.0,149.0,1.6799081,0.7765883,-0.9033198
TRIM51,0.01702749,1.0,149.0,1.9849281,1.590777,-0.3941511
ATP8A2,0.01702749,1.0,149.0,2.0159442,0.2334482,-1.782496
HBM,0.01750613,1.0,47.0,-1.690021,-3.321928,-1.631907
GABRG2,0.01750613,1.0,148.0,1.718022,-1.603906,-3.321928
LINC00578,0.01790656,1.0,46.0,-1.005253,-2.902149,-1.896896
LRRC26,0.01917838,1.0,148.0,1.195955,-2.125973,-3.321928
TMEM158,0.01948622,1.0,47.0,-2.873846,2.508251,5.382097
PLAUR,0.01948622,1.0,47.0,-2.334589,3.172432,5.507021
FOXF1,0.01948622,1.0,47.0,-2.1868255,-1.842739,0.3440865
CCL8,0.01948622,1.0,47.0,-1.956467,1.287895,3.244362
COL6A1,0.01948622,1.0,47.0,-1.747471,6.340201,8.087672
STARD13,0.01948622,1.0,47.0,-1.6878537,0.4416003,2.129454
GIPC3,0.01948622,1.0,47.0,-1.6721032,-0.9430378,0.7290654
NID1,0.01948622,1.0,47.0,-1.662789,3.175343,4.838132
FBLN5,0.01948622,1.0,47.0,-1.642695,2.042264,3.684959
OLFML2B,0.01948622,1.0,47.0,-1.514192,2.910871,4.425063
OAF,0.01948622,1.0,47.0,-1.441507,4.129736,5.571243
ENC1,0.01948622,1.0,47.0,-1.312514,2.675434,3.987948
SSPN,0.01948622,1.0,47.0,-1.269844,1.305778,2.575622
PTHLH,0.01948622,1.0,47.0,-1.2605866,-0.8903185,0.3702681
MECOM,0.01948622,1.0,47.0,-1.21123881,-0.06847881,1.14276
WDR86-AS1,0.01948622,1.0,47.0,-1.1843749,-2.091,-0.9066251
UBE2C,0.01948622,1.0,47.0,-1.025868,5.67428,6.700148
NRIP3,0.01948622,1.0,47.0,-1.024896,1.074807,2.099703
ENPEP,0.01948622,1.0,47.0,-1.02038256,0.05299244,1.073375
PLEKHG3,0.01948622,1.0,148.0,1.140837,3.65011,2.509273
PKD1L2,0.01948622,1.0,148.0,2.1745609,0.1205039,-2.054057
LOC101929268,0.02028025,1.0,47.0,-1.286654,-3.192715,-1.906061
CATIP-AS1,0.02124609,1.0,47.0,-1.8478443,-1.927705,-0.0798607
FGF13-AS1,0.0217214,1.0,147.0,1.334989,-1.687874,-3.022863
TPTE,0.0222316,1.0,146.5,3.40908326,0.08715526,-3.321928
ITIH5,0.02223713,1.0,48.0,-3.737004,-1.213527,2.523477
EMILIN1,0.02223713,1.0,48.0,-2.070662,3.671441,5.742103
PTH1R,0.02223713,1.0,48.0,-1.7366385,-1.204566,0.5320725
SLC22A4,0.02223713,1.0,48.0,-1.6097233,-1.316553,0.2931703
RNF152,0.02223713,1.0,48.0,-1.4198271,-1.226032,0.1937951
TNFAIP6,0.02223713,1.0,48.0,-1.402084,1.223626,2.62571
RGAG4,0.02223713,1.0,48.0,-1.3482349,-0.6562943,0.6919406
LOXL2,0.02223713,1.0,48.0,-1.346063,2.652259,3.998322
LY6H,0.02223713,1.0,48.0,-1.3215549,-1.963243,-0.6416881
MAGEL2,0.02223713,1.0,48.0,-1.207896,-2.419098,-1.211202
CDKN1C,0.02223713,1.0,48.0,-1.168296,2.708437,3.876733
MRVI1,0.02223713,1.0,48.0,-1.1377988,-0.5741916,0.5636072
PTPRE,0.02223713,1.0,48.0,-1.13041,1.395853,2.526263
LEPREL2,0.02223713,1.0,48.0,-1.127943,2.597155,3.725098
ALDH1A2,0.02223713,1.0,48.0,-1.0787029,-1.492162,-0.4134591
RPL34,0.02223713,1.0,147.0,1.006675,9.759733,8.753058
NEAT1,0.02223713,1.0,147.0,1.16549,7.445925,6.280435
CPS1,0.02223713,1.0,147.0,1.9768612,1.414547,-0.5623142
SNORD15B,0.02292394,1.0,48.0,-1.595452,1.534622,3.130074
FLJ42351,0.02391834,1.0,48.0,-1.4492607,-0.8537332,0.5955275
WNT7B,0.02397618,1.0,48.0,-1.547614,-3.028052,-1.480438
SNORA52,0.02427559,1.0,52.0,-6.505756,-3.321928,3.183828
SNORA62,0.02466063,1.0,53.0,-4.932061,-3.321928,1.610133
P4HA3,0.02530484,1.0,49.0,-2.406904,-1.258399,1.148505
CRABP2,0.02530484,1.0,49.0,-2.265174,1.975324,4.240498
SEMA3A,0.02530484,1.0,49.0,-2.1930616,-1.980013,0.2130486
ANGPTL2,0.02530484,1.0,49.0,-1.767777,2.845684,4.613461
LINC00899,0.02530484,1.0,49.0,-1.6165,-1.361235,0.255265
MYL9,0.02530484,1.0,49.0,-1.442777,4.913742,6.356519
SERPINE1,0.02530484,1.0,49.0,-1.377786,3.491096,4.868882
CCL2,0.02530484,1.0,49.0,-1.344696,5.036281,6.380977
TCF4,0.02530484,1.0,49.0,-1.200429,1.876104,3.076533
GLIS3,0.02530484,1.0,49.0,-1.16415067,-1.198068,-0.03391733
TRIL,0.02530484,1.0,49.0,-1.1438619,0.1356301,1.279492
SEMA6B,0.02530484,1.0,49.0,-1.125134,2.201982,3.327116
ST6GALNAC4,0.02530484,1.0,49.0,-1.097042,3.04954,4.146582
MSX1,0.02530484,1.0,49.0,-1.065628,1.23894,2.304568
GPR124,0.02530484,1.0,49.0,-1.062327,2.613997,3.676324
ESAM,0.02530484,1.0,49.0,-1.038864,2.788132,3.826996
DDIT3,0.02530484,1.0,49.0,-1.019212,4.554985,5.574197
AKR1E2,0.02530484,1.0,49.0,-1.0092638,-0.5934078,0.415856
RPS6KL1,0.02530484,1.0,146.0,1.03440025,0.03140225,-1.002998
SULT1A1,0.02530484,1.0,146.0,1.0376764,1.881821,0.8441446
STX3,0.02530484,1.0,146.0,1.039334,3.960373,2.921039
EFCAB5,0.02530484,1.0,146.0,1.05557,-1.558079,-2.613649
ST3GAL5,0.02530484,1.0,146.0,1.17081,5.639116,4.468306
C11orf52,0.02530484,1.0,146.0,1.350626,-1.001451,-2.352077
JMJD7-PLA2G4B,0.02530484,1.0,146.0,1.3567436,-0.1411644,-1.497908
PLEKHH1,0.02530484,1.0,146.0,1.487662,3.143167,1.655505
LINC00277,0.02530484,1.0,146.0,1.6825415,1.0643,-0.6182415
C4orf19,0.02530484,1.0,146.0,2.64644,0.70828,-1.93816
HIST1H2AB,0.02552604,1.0,50.0,-1.408815,-3.321928,-1.913113
GABRA2,0.02553886,1.0,51.0,-1.070547,-3.321928,-2.251381
HPCA,0.02660856,1.0,49.0,-1.23044,-2.959882,-1.729442
C6orf223,0.02660856,1.0,49.0,-1.197956,-3.092173,-1.894217
LOC441455,0.02660856,1.0,49.0,-1.030773,-2.99957,-1.968797
ST8SIA6,0.02694265,1.0,146.0,1.0924452,-0.6998318,-1.792277
LINC01021,0.02694265,1.0,146.0,2.0712627,-0.3186803,-2.389943
PSG8,0.0273041,1.0,144.0,1.100138,-2.22179,-3.321928
NOX5,0.02864024,1.0,145.5,1.2734099,-0.3089081,-1.582318
COL8A1,0.02871757,1.0,50.0,-2.5665424,0.4148066,2.981349
STC1,0.02871757,1.0,50.0,-1.9965129,0.8449721,2.841485
COL13A1,0.02871757,1.0,50.0,-1.7085358,-0.7514421,0.9570937
RCN3,0.02871757,1.0,50.0,-1.654094,3.766675,5.420769
EVA1B,0.02871757,1.0,50.0,-1.647569,4.092042,5.739611
CPED1,0.02871757,1.0,50.0,-1.545909,-0.499869,1.04604
C17orf82,0.02871757,1.0,50.0,-1.483023377,-1.479899,0.003124377
PROCR,0.02871757,1.0,50.0,-1.465655,2.445615,3.91127
C3orf80,0.02871757,1.0,50.0,-1.1982322,-0.2724454,0.9257868
LRRTM2,0.02871757,1.0,50.0,-1.133281,-2.750461,-1.61718
LOC100499489,0.02871757,1.0,50.0,-1.1212869,-0.7153816,0.4059053
TRPV4,0.02871757,1.0,50.0,-1.0741284,0.4505066,1.524635
CEP112,0.02871757,1.0,50.0,-1.0601436,0.4160074,1.476151
KIAA0040,0.02871757,1.0,50.0,-1.018032,1.221893,2.239925
NGF,0.02871757,1.0,50.0,-1.0106234,-1.587524,-0.5769006
NT5DC1,0.02871757,1.0,145.0,1.033774,3.494742,2.460968
SLC44A5,0.03015565,1.0,145.0,1.072754,-1.822174,-2.894928
LOC101929532,0.03029154,1.0,50.0,-1.007715,-3.059655,-2.05194
RBAKDN,0.0319548,1.0,50.5,-2.6151833,-1.981594,0.6335893
LOC102467146,0.03195593,1.0,143.5,1.140883,-2.181045,-3.321928
TBX5-AS1,0.03204969,1.0,51.0,-1.237403,-3.063708,-1.826305
OPN4,0.03204969,1.0,51.0,-1.018896,-3.164355,-2.145459
MMP13,0.0321668,1.0,50.5,-3.276935,-1.757655,1.51928
LUM,0.03250261,1.0,51.0,-2.232361,5.120217,7.352578
FSCN1,0.03250261,1.0,51.0,-2.228441,4.476832,6.705273
CCDC74B,0.03250261,1.0,51.0,-1.9133374,-1.321165,0.5921724
CTXN1,0.03250261,1.0,51.0,-1.842216,2.375596,4.217812
RUNX2,0.03250261,1.0,51.0,-1.7430551,0.7196829,2.462738
CCL13,0.03250261,1.0,51.0,-1.7323199,-0.1022779,1.630042
MMP23B,0.03250261,1.0,51.0,-1.621664,-0.240464,1.3812
RPS2P32,0.03250261,1.0,51.0,-1.50561864,-1.492947,0.01267164
GUCY1B3,0.03250261,1.0,51.0,-1.168806,1.070616,2.239422
GPSM1,0.03250261,1.0,51.0,-1.16853,2.971897,4.140427
EDNRA,0.03250261,1.0,51.0,-1.1671337,0.8244013,1.991535
OXCT2,0.03250261,1.0,51.0,-1.0823979,-0.9195279,0.16287
OLFML2A,0.03250261,1.0,51.0,-1.0766121,0.9116149,1.988227
TMEM191B,0.03250261,1.0,51.0,-1.0525314,-1.716408,-0.6638766
PLIN2,0.03250261,1.0,51.0,-1.038065,4.86427,5.902335
NRN1,0.03250261,1.0,51.0,-1.027922,3.459609,4.487531
MTMR10,0.03250261,1.0,144.0,1.008314,3.450683,2.442369
CX3CL1,0.03250261,1.0,144.0,1.648504,4.492289,2.843785
OR8G5,0.03267458,1.0,142.0,2.105656,-1.216272,-3.321928
GABRQ,0.03323542,1.0,51.0,-1.182948,-2.850255,-1.667307
TEX40,0.03360089,1.0,51.0,-1.201872,-2.560039,-1.358167
HTR1B,0.03475686,1.0,53.0,-1.143047,-3.321928,-2.178881
SCGB1D2,0.03504475,1.0,143.0,3.2930368,0.8163498,-2.476687
MMP1,0.03669024,1.0,52.0,-2.81226115,0.05003285,2.862294
COL7A1,0.03669024,1.0,52.0,-2.6394667,-0.9627837,1.676683
SLC29A4,0.03669024,1.0,52.0,-2.3860835,-0.3767905,2.009293
ELN,0.03669024,1.0,52.0,-2.1185747,0.6066223,2.725197
TWIST2,0.03669024,1.0,52.0,-2.032366,0.266997,2.299363
WNT5A,0.03669024,1.0,52.0,-1.6836431,-0.9975236,0.6861195
PODNL1,0.03669024,1.0,52.0,-1.6751355,-0.7440425,0.931093
SH2B3,0.03669024,1.0,52.0,-1.445723,3.096767,4.54249
LAMC3,0.03669024,1.0,52.0,-1.4110061,-0.4910978,0.9199083
CHN1,0.03669024,1.0,52.0,-1.406726,2.322756,3.729482
COL10A1,0.03669024,1.0,52.0,-1.4049502,-0.3440932,1.060857
KLHL35,0.03669024,1.0,52.0,-1.3989628,-0.5052434,0.8937194
HAS2-AS1,0.03669024,1.0,52.0,-1.384783,-0.9789268,0.4058562
COL5A2,0.03669024,1.0,52.0,-1.212494,3.69092,4.903414
P4HA2,0.03669024,1.0,52.0,-1.184326,3.52849,4.712816
VEGFA,0.03669024,1.0,52.0,-1.118159,2.968408,4.086567
DCHS1,0.03669024,1.0,52.0,-1.1129105,0.8001565,1.913067
WNK3,0.03669024,1.0,52.0,-1.1052376,-1.760199,-0.6549614
ANKRD34A,0.03669024,1.0,52.0,-1.0949495,-0.5243797,0.5705698
ARHGEF19,0.03669024,1.0,52.0,-1.0538606,0.7980464,1.851907
CRMP1,0.03669024,1.0,52.0,-1.0479319,0.5936071,1.641539
CDH13,0.03669024,1.0,52.0,-1.0392877,0.9048733,1.944161
TMEM229B,0.03669024,1.0,143.0,1.059026,3.981469,2.922443
LSR,0.03669024,1.0,143.0,1.39405,3.011019,1.616969
TRIM71,0.03805624,1.0,53.0,-1.083172,-3.321928,-2.238756
LINC01194,0.03809007,1.0,142.5,2.948945,0.686106,-2.262839
LY6K,0.03815142,1.0,52.0,-1.452124,-2.628112,-1.175988
SNORA10,0.03866231,1.0,55.0,-8.010371,-3.321928,4.688443
C14orf132,0.0413098,1.0,53.0,-2.2095922,-0.2188132,1.990779
RCOR2,0.0413098,1.0,53.0,-2.1879867,-1.366995,0.8209917
AIM1,0.0413098,1.0,53.0,-2.0122882,-0.1329662,1.879322
NXN,0.0413098,1.0,53.0,-1.672523,2.188787,3.86131
IL17D,0.0413098,1.0,53.0,-1.6467911,-0.1830481,1.463743
ENPP2,0.0413098,1.0,53.0,-1.61638,2.391533,4.007913
ESM1,0.0413098,1.0,53.0,-1.4638885,0.6252845,2.089173
ITGBL1,0.0413098,1.0,53.0,-1.4086843,0.1496717,1.558356
HIST1H4E,0.0413098,1.0,53.0,-1.3640448,-0.7727962,0.5912486
ATAD3B,0.0413098,1.0,53.0,-1.313104,2.305381,3.618485
ACKR3,0.0413098,1.0,53.0,-1.28689,1.626091,2.912981
TSPAN11,0.0413098,1.0,53.0,-1.2245398,-0.6786999,0.5458399
RGS17,0.0413098,1.0,53.0,-1.2172482,-1.525781,-0.3085328
HTRA1,0.0413098,1.0,53.0,-1.186571,5.407006,6.593577
KCTD17,0.0413098,1.0,53.0,-1.138183,2.337583,3.475766
DPYSL3,0.0413098,1.0,53.0,-1.136996,2.871984,4.00898
CYBRD1,0.0413098,1.0,53.0,-1.079204,4.105808,5.185012
LRRC17,0.0413098,1.0,53.0,-1.0659416,-0.5605588,0.5053828
CHRD,0.0413098,1.0,53.0,-1.049737,-0.3858641,0.6638729
IQGAP3,0.0413098,1.0,53.0,-1.005251,1.615896,2.621147
ZNF677,0.0413098,1.0,142.0,1.031283,-1.052097,-2.08338
F11R,0.0413098,1.0,142.0,1.064247,4.240436,3.176189
ZSCAN31,0.0413098,1.0,142.0,1.0830957,0.6628754,-0.4202203
ACCS,0.0413098,1.0,142.0,1.120974,2.232232,1.111258
RASSF2,0.0413098,1.0,142.0,1.143772,3.863265,2.719493
LIMCH1,0.0413098,1.0,142.0,1.3952446,1.747246,0.3520014
KIAA1755,0.0413098,1.0,142.0,1.5795211,1.438721,-0.1408001
GABRP,0.0413098,1.0,142.0,2.019409,-0.390732,-2.410141
BLACAT1,0.04239169,1.0,142.0,1.194081,-1.409949,-2.60403
ERVMER34-1,0.04256173,1.0,53.0,-1.55565,-2.587553,-1.031903
SCARNA10,0.04264681,1.0,53.0,-2.9003629,-0.6014439,2.298919
OLIG2,0.04505756,1.0,141.5,2.5297866,0.4226636,-2.107123
SNORA68,0.04523797,1.0,57.0,-6.901102,-3.321928,3.579174
COL12A1,0.04639385,1.0,54.0,-2.388013,2.500815,4.888828
CENPV,0.04639385,1.0,54.0,-1.9823031,-0.3779561,1.604347
CTNNA2,0.04639385,1.0,54.0,-1.8967759,-1.35865,0.5381259
B3GALNT1,0.04639385,1.0,54.0,-1.8295176,0.5445744,2.374092
F2RL2,0.04639385,1.0,54.0,-1.7301182,-0.3555262,1.374592
FMOD,0.04639385,1.0,54.0,-1.585349,1.898905,3.484254
DZIP1,0.04639385,1.0,54.0,-1.5835168,-0.5269748,1.056542
LARP6,0.04639385,1.0,54.0,-1.537145,2.656978,4.194123
IGFBP6,0.04639385,1.0,54.0,-1.476006,2.838161,4.314167
LOXL1-AS1,0.04639385,1.0,54.0,-1.4658659,-1.776565,-0.3106991
CTHRC1,0.04639385,1.0,54.0,-1.316047,5.285025,6.601072
GPR156,0.04639385,1.0,54.0,-1.227735,-2.677969,-1.450234
OSBP2,0.04639385,1.0,54.0,-1.2104307,-0.7211755,0.4892552
FABP5,0.04639385,1.0,54.0,-1.164904,6.224056,7.38896
CCL3,0.04639385,1.0,54.0,-1.137411,3.315659,4.45307
NPNT,0.04639385,1.0,54.0,-1.1214106,-0.5133773,0.6080333
ADM2,0.04639385,1.0,54.0,-1.0965337,-0.2286451,0.8678886
TIE1,0.04639385,1.0,54.0,-1.09083,1.607529,2.698359
NFATC4,0.04639385,1.0,54.0,-1.0099823,0.3973977,1.40738
TRIM59,0.04639385,1.0,54.0,-1.0076418,-0.3029646,0.7046772
DNAAF3,0.04639385,1.0,141.0,1.0487162,-0.1111488,-1.159865
PCYT1B,0.04639385,1.0,141.0,1.080997,-1.121661,-2.202658
PCDHB13,0.04639385,1.0,141.0,1.0930377,0.134355,-0.9586827
ZNF106,0.04639385,1.0,141.0,1.141107,5.458436,4.317329
LOC101928113,0.04639385,1.0,141.0,1.34368422,-0.04282978,-1.386514
ZMYND12,0.04639385,1.0,141.0,1.3931847,0.6938192,-0.6993655
PCDHGB1,0.04639385,1.0,141.0,1.86909604,0.05941204,-1.809684
FXYD3,0.04639385,1.0,141.0,1.923982,4.778167,2.854185
HAS1,0.04749101,1.0,54.0,-1.552862,-2.805483,-1.252621
IGFL4,0.05138634,1.0,139.0,1.335912,-1.986016,-3.321928
NPTX2,0.05197312,1.0,55.0,-3.620849,-1.48949,2.131359
MIR100HG,0.05197312,1.0,55.0,-2.6913789,0.4448261,3.136205
ICAM5,0.05197312,1.0,55.0,-2.482086,-1.048827,1.433259
ADAM19,0.05197312,1.0,55.0,-1.537525,1.074636,2.612161
KLHL23,0.05197312,1.0,55.0,-1.4564477,-1.063004,0.3934437
SLC1A3,0.05197312,1.0,55.0,-1.451576,1.648488,3.100064
DNM3OS,0.05197312,1.0,55.0,-1.2570921,-1.028926,0.2281661
FLJ41200,0.05197312,1.0,55.0,-1.2553926,-0.4048812,0.8505114
EGFR,0.05197312,1.0,55.0,-1.24160814,-1.221601,0.02000714
HS3ST3A1,0.05197312,1.0,55.0,-1.2170139,-0.7840866,0.4329273
HK3,0.05197312,1.0,55.0,-1.151509,1.054779,2.206288
APLN,0.05197312,1.0,55.0,-1.12175923,0.05238877,1.174148
TRPC1,0.05197312,1.0,55.0,-1.10913567,-0.01402167,1.095114
ADM,0.05197312,1.0,55.0,-1.080561,2.997596,4.078157
EXO1,0.05197312,1.0,55.0,-1.060345,1.487651,2.547996
NINL,0.05197312,1.0,55.0,-1.05218379,0.05006421,1.102248
CPXM1,0.05197312,1.0,55.0,-1.00079,3.125935,4.126725
SAMD13,0.05197312,1.0,140.0,1.0280437,1.854403,0.8263593
MRGPRX3,0.05197312,1.0,140.0,1.3189292,1.075324,-0.2436052
LOC100129931,0.05269679,1.0,140.0,1.436332,3.969975,2.533643
LKAAEAR1,0.05289168,1.0,55.0,-2.2095869,-2.59591,-0.3863231
MCEMP1,0.05289168,1.0,55.0,-1.186268,-2.197056,-1.010788
SPATS1,0.05289168,1.0,140.0,1.6288759,-0.1507221,-1.779598
C5orf49,0.05298916,1.0,55.0,-1.145693,-2.872392,-1.726699
LDHC,0.05474006,1.0,55.5,-1.768901,-3.102393,-1.333492
HIST1H3B,0.05699877,1.0,56.0,-1.15855,-2.373731,-1.215181
IBA57-AS1,0.05805748,1.0,57.5,-1.250307,-3.321928,-2.071621
CA12,0.05808159,1.0,56.0,-2.5150794,-0.5301494,1.98493
PDGFRL,0.05808159,1.0,56.0,-2.46471982,0.09356018,2.55828
GLT8D2,0.05808159,1.0,56.0,-1.9649491,0.2110689,2.176018
SNHG18,0.05808159,1.0,56.0,-1.8117334,-0.5574694,1.254264
PCDH18,0.05808159,1.0,56.0,-1.709504566,-0.006441566,1.703063
SFRP2,0.05808159,1.0,56.0,-1.654716,3.845806,5.500522
SHROOM1,0.05808159,1.0,56.0,-1.5771458,0.7608682,2.338014
MALL,0.05808159,1.0,56.0,-1.5665932,0.9406328,2.507226
FAP,0.05808159,1.0,56.0,-1.450569,2.222869,3.673438
THBS1,0.05808159,1.0,56.0,-1.442814,3.162177,4.604991
GLIS2,0.05808159,1.0,56.0,-1.309543,1.555782,2.865325
FAM19A5,0.05808159,1.0,56.0,-1.2970028,-1.109401,0.1876018
SCUBE3,0.05808159,1.0,56.0,-1.2752722,-2.226591,-0.9513188
LINGO1,0.05808159,1.0,56.0,-1.235292,2.710302,3.945594
DLG4,0.05808159,1.0,56.0,-1.230354,1.342566,2.57292
CCDC3,0.05808159,1.0,56.0,-1.2107,1.022897,2.233597
MEX3A,0.05808159,1.0,56.0,-1.1630834,0.1225316,1.285615
CRISPLD2,0.05808159,1.0,56.0,-1.148921,1.756473,2.905394
DENND2A,0.05808159,1.0,56.0,-1.1427194,-0.4104589,0.7322605
CDC20,0.05808159,1.0,56.0,-1.070167,3.860819,4.930986
DNM1P35,0.05808159,1.0,56.0,-1.023854,-2.585425,-1.561571
NAT8L,0.05808159,1.0,139.0,1.001744,3.501038,2.499294
TUBGCP4,0.05808159,1.0,139.0,1.009118,2.850821,1.841703
KIF13A,0.05808159,1.0,139.0,1.035712,4.197685,3.161973
TP53TG3D,0.05808159,1.0,139.0,1.0587386,-0.6599084,-1.718647
PLD4,0.05808159,1.0,139.0,1.0868947,0.9096118,-0.1772829
ANK2,0.05808159,1.0,139.0,1.124341,2.331634,1.207293
SH3D19,0.05808159,1.0,139.0,1.287465,3.090349,1.802884
SMPD2,0.05808159,1.0,139.0,1.494153,3.256808,1.762655
EPHX2,0.05808159,1.0,139.0,1.8125841,2.218326,0.4057419
FCRLA,0.05808159,1.0,139.0,2.160289,4.156777,1.996488
SHISA2,0.05808159,1.0,139.0,3.2814476,3.87306,0.5916124
LEP,0.05824237,1.0,56.0,-1.020567,-3.022582,-2.002015
CABP7,0.05879626,1.0,56.0,-2.64211617,-2.662273,-0.02015683
HSPB2-C11orf52,0.06098056,1.0,138.0,1.238985,-2.082943,-3.321928
SH3GL2,0.06205511,1.0,138.5,1.191994,-1.638086,-2.83008
SNORA48,0.06385323,1.0,58.0,-2.139829,1.448748,3.588577
LOC101928571,0.06385323,1.0,58.0,-1.354678,-3.321928,-1.96725
CA9,0.0640973,1.0,57.0,-1.331086,-2.374316,-1.04323
SNORA81,0.06464904,1.0,57.0,-3.770112,1.467608,5.23772
RNF182,0.06475139,1.0,57.0,-2.458649,-1.096735,1.361914
HS3ST2,0.06475139,1.0,57.0,-2.3549694,-0.7620864,1.592883
APLP1,0.06475139,1.0,57.0,-2.294358,-1.161018,1.13334
HRH1,0.06475139,1.0,57.0,-1.9013082,-0.5468502,1.354458
OSR1,0.06475139,1.0,57.0,-1.8021002,-2.324339,-0.5222388
LPAR1,0.06475139,1.0,57.0,-1.7073693,0.5273807,2.23475
PALM2-AKAP2,0.06475139,1.0,57.0,-1.6622693,-0.2101013,1.452168
TUB,0.06475139,1.0,57.0,-1.6285029,-0.9377595,0.6907434
WNT11,0.06475139,1.0,57.0,-1.6193462,-2.023748,-0.4044018
NOX4,0.06475139,1.0,57.0,-1.5480867,0.5459783,2.094065
WNT2,0.06475139,1.0,57.0,-1.48954229,-1.414793,0.07474929
WIPF1,0.06475139,1.0,57.0,-1.467869,3.834008,5.301877
MME,0.06475139,1.0,57.0,-1.439291,1.325004,2.764295
CPT1C,0.06475139,1.0,57.0,-1.3986051,-0.3987818,0.9998233
EXOC3L2,0.06475139,1.0,57.0,-1.3139647,0.8426973,2.156662
BEND6,0.06475139,1.0,57.0,-1.2886909,-1.57926,-0.2905691
FBXL13,0.06475139,1.0,57.0,-1.2407868,-1.693182,-0.4523952
COL3A1,0.06475139,1.0,57.0,-1.220618,7.475385,8.696003
ECE1,0.06475139,1.0,57.0,-1.215129,3.496801,4.71193
DACT3,0.06475139,1.0,57.0,-1.181962,1.227513,2.409475
HECW2,0.06475139,1.0,57.0,-1.1802747,-0.6469207,0.533354
C19orf83,0.06475139,1.0,57.0,-1.1730422,-0.5409462,0.632096
TLDC2,0.06475139,1.0,57.0,-1.1708766,-1.521434,-0.3505574
TNFRSF6B,0.06475139,1.0,57.0,-1.134778,1.95564,3.090418
LOX,0.06475139,1.0,57.0,-1.121106,1.281455,2.402561
PPFIA2,0.06475139,1.0,57.0,-1.11398,-2.869431,-1.755451
RTEL1,0.06475139,1.0,57.0,-1.084195,1.711319,2.795514
GNB3,0.06475139,1.0,57.0,-1.0710466,-1.582253,-0.5112064
TNS1,0.06475139,1.0,57.0,-1.044708,2.851845,3.896553
G0S2,0.06475139,1.0,57.0,-1.034188,2.548904,3.583092
ABCC11,0.06475139,1.0,138.0,1.07104,-1.506398,-2.577438
RPS12,0.06475139,1.0,138.0,1.12826,11.91852,10.79026
ADPGK-AS1,0.06475139,1.0,138.0,1.2166381,-0.3922649,-1.608903
GNG7,0.06475139,1.0,138.0,1.243368,4.567214,3.323846
TMPRSS5,0.06475139,1.0,138.0,1.2864986,0.7449877,-0.5415109
ASB9,0.06475139,1.0,138.0,1.329036,3.454834,2.125798
CCL17,0.06475139,1.0,138.0,1.539527,0.6213275,-0.9181995
LINC00920,0.06475139,1.0,138.0,2.033027,4.095135,2.062108
LINC00313,0.06506976,1.0,59.0,-1.233836,-3.321928,-2.088092
GNGT1,0.06506976,1.0,136.0,1.183131,-2.138797,-3.321928
FBLL1,0.06523808,1.0,57.0,-1.22896018,-0.09073918,1.138221
MIXL1,0.06534859,1.0,57.0,-1.044112,-2.491249,-1.447137
PGM5-AS1,0.0659831,1.0,58.0,-1.070918,-3.321928,-2.25101
ETNPPL,0.06749574,1.0,137.5,2.1307339,-0.6923791,-2.823113
HIST1H2BB,0.06851559,1.0,60.0,-1.049268,-3.321928,-2.27266
CHRM1,0.06878488,1.0,137.5,1.6511538,-0.7677052,-2.418859
WDR63,0.06878488,1.0,137.5,2.146965,-0.203281,-2.350246
LINC01266,0.07162641,1.0,137.0,1.137445,-1.919176,-3.056621
RNU6ATAC,0.07201681,1.0,58.0,-1.085782,4.190931,5.276713
CXorf65,0.07201681,1.0,137.0,1.5718145,-0.2449595,-1.8167740000000001
EPHA3,0.07201705,1.0,58.0,-2.2487947,-0.9405907,1.308204
CH25H,0.07201705,1.0,58.0,-2.0436863,-0.9321273,1.111559
SGIP1,0.07201705,1.0,58.0,-1.89277123,-1.921724,-0.02895277
MMP3,0.07201705,1.0,58.0,-1.88931445,-1.869493,0.01982145
PTGDS,0.07201705,1.0,58.0,-1.879402,4.030274,5.909676
APBA2,0.07201705,1.0,58.0,-1.8234035,-0.3594485,1.463955
THBS2,0.07201705,1.0,58.0,-1.793561,3.121489,4.91505
CAMK1G,0.07201705,1.0,58.0,-1.7338523,-1.094546,0.6393063
SERTAD4,0.07201705,1.0,58.0,-1.6041789,-1.864444,-0.2602651
FAM13C,0.07201705,1.0,58.0,-1.5756219,-0.8693168,0.7063051
REM1,0.07201705,1.0,58.0,-1.5614432,-0.8115915,0.7498517
PIWIL4,0.07201705,1.0,58.0,-1.3250848,-1.493835,-0.1687502
A4GALT,0.07201705,1.0,58.0,-1.3243055,0.9352485,2.259554
DLX1,0.07201705,1.0,58.0,-1.2936086,0.1319424,1.425551
SOD3,0.07201705,1.0,58.0,-1.249651,3.281525,4.531176
LPHN2,0.07201705,1.0,58.0,-1.2483911,0.5027939,1.751185
NID2,0.07201705,1.0,58.0,-1.189489,1.425892,2.615381
PLCE1,0.07201705,1.0,58.0,-1.1342158,-1.245328,-0.1111122
PLXDC1,0.07201705,1.0,58.0,-1.1193983,0.6566977,1.776096
VSTM4,0.07201705,1.0,58.0,-1.08231529,-0.08148629,1.000829
ARNTL2,0.07201705,1.0,58.0,-1.06412524,-0.9644254,0.09969984
FPR2,0.07201705,1.0,58.0,-1.0609539,-1.175556,-0.1146021
ICAM2,0.07201705,1.0,58.0,-1.00608,2.902156,3.908236
SNAI1,0.07201705,1.0,58.0,-1.002535,1.109835,2.11237
TMEM117,0.07201705,1.0,137.0,1.069717,3.259832,2.190115
KIAA1161,0.07201705,1.0,137.0,1.06991159,1.128208,0.05829641
VAMP8,0.07201705,1.0,137.0,1.076123,6.929164,5.853041
RASGRP1,0.07201705,1.0,137.0,1.1293496,0.2614105,-0.8679391
GYG2,0.07201705,1.0,137.0,1.22961,4.6579,3.42829
ITGA3,0.07201705,1.0,137.0,1.670273,5.742233,4.07196
C1orf226,0.07201705,1.0,137.0,1.9189112,0.7410182,-1.177893
LOC400644,0.07201705,1.0,137.0,3.2918132,3.723864,0.4320508
HERC2P4,0.07236828,1.0,137.0,1.7111815,-0.6455185,-2.3567
BDKRB1,0.07610311,1.0,58.5,-1.6975456,-2.104341,-0.4067954
GNG8,0.07616672,1.0,64.0,-1.74085,-3.321928,-1.581078
SNORA24,0.07813697,1.0,62.5,-7.93121,-3.321928,4.609282
DGUOK-AS1,0.07920913,1.0,59.0,-1.1154189,-1.289062,-0.1736431
PAGE5,0.07920913,1.0,136.0,1.999152,-0.665466,-2.664618
HEY1,0.07991109,1.0,59.0,-2.192591,3.080934,5.273525
LPAR3,0.07991109,1.0,59.0,-2.0615078,-2.364104,-0.3025962
CYTL1,0.07991109,1.0,59.0,-1.9661553,-0.1434923,1.822663
ITGA11,0.07991109,1.0,59.0,-1.9284091,-0.2168501,1.711559
SERP2,0.07991109,1.0,59.0,-1.9074767,-0.6319927,1.275484
SERTAD4-AS1,0.07991109,1.0,59.0,-1.7799747,-0.9284515,0.8515232
HOXA10,0.07991109,1.0,59.0,-1.757677,0.660664,2.418341
HOXB2,0.07991109,1.0,59.0,-1.749016,2.248014,3.99703
DKK2,0.07991109,1.0,59.0,-1.7266729,-1.367326,0.3593469
CACNA2D1,0.07991109,1.0,59.0,-1.7131162,-1.17894,0.5341762
PIEZO2,0.07991109,1.0,59.0,-1.5553771,-0.5367291,1.018648
TRABD2A,0.07991109,1.0,59.0,-1.5297367,-1.225138,0.3045987
ME3,0.07991109,1.0,59.0,-1.5257831,-0.6258341,0.899949
SLC35G2,0.07991109,1.0,59.0,-1.51780198,0.04668802,1.56449
PFKFB4,0.07991109,1.0,59.0,-1.464076,1.526287,2.990363
NTM,0.07991109,1.0,59.0,-1.3766436,0.0461844,1.422828
PCOLCE-AS1,0.07991109,1.0,59.0,-1.348895,-2.688414,-1.339519
RAB42,0.07991109,1.0,59.0,-1.2648636,0.7846924,2.049556
LIMD1,0.07991109,1.0,59.0,-1.19859,1.752412,2.951002
TMSB15A,0.07991109,1.0,59.0,-1.173387,1.096397,2.269784
PERM1,0.07991109,1.0,59.0,-1.1663028,-1.818839,-0.6525362
PDGFRA,0.07991109,1.0,59.0,-1.139858,1.358616,2.498474
GTSE1,0.07991109,1.0,59.0,-1.117235,2.36028,3.477515
PODXL,0.07991109,1.0,59.0,-1.047478,2.237362,3.28484
DCN,0.07991109,1.0,59.0,-1.043292,5.966609,7.009901
NR3C2,0.07991109,1.0,136.0,1.1052036,-0.5197514,-1.624955
GLUD2,0.07991109,1.0,136.0,1.1184848,0.8441928,-0.274292
MFSD6,0.07991109,1.0,136.0,1.153648,3.563463,2.409815
ZNF626,0.07991109,1.0,136.0,1.2185378,1.999356,0.7808182
LRRC75A-AS1,0.07991109,1.0,136.0,1.233348,9.632714,8.399366
LINC01212,0.07991109,1.0,136.0,1.4177327,-0.1266553,-1.544388
VTN,0.07991109,1.0,136.0,1.6521657,0.4243417,-1.227824
RAET1E-AS1,0.0799937,1.0,136.0,1.1147811,0.1376275,-0.9771536
PTENP1-AS,0.0805186,1.0,61.0,-1.469631,-3.321928,-1.852297
CST2,0.08260212,1.0,59.5,-1.4534018,-2.423159,-0.9697572
GOLT1A,0.08307547,1.0,135.0,1.709569,-1.061409,-2.770978
SYTL5,0.08366261,1.0,59.5,-1.6295506,-2.31139,-0.6818394
UNC5B-AS1,0.0841086,1.0,61.0,-1.612624,-3.321928,-1.709304
LOC101928837,0.08743215,1.0,60.0,-1.5031697,-1.385865,0.1173047
FAM131C,0.08743215,1.0,60.0,-1.251103,-2.846797,-1.595694
TMEM200C,0.08812891,1.0,60.0,-1.367226,-1.81183,-0.444604
RORB,0.08812891,1.0,60.0,-1.17606,-2.835436,-1.659376
LINC01239,0.08812891,1.0,60.0,-1.071185,-2.944194,-1.873009
WDR72,0.08812891,1.0,135.0,1.1301,-1.454678,-2.584778
ANGPTL7,0.08812891,1.0,135.0,1.9281366,-0.4333904,-2.361527
FAM101A,0.08846856,1.0,60.0,-2.9752643,-2.418982,0.5562823
HOXB9,0.08846856,1.0,60.0,-2.4640244,-0.9920094,1.472015
NRXN2,0.08846856,1.0,60.0,-1.9499113,-0.2955583,1.654353
ANPEP,0.08846856,1.0,60.0,-1.864682,1.243456,3.108138
ITPKA,0.08846856,1.0,60.0,-1.7115608,-1.256669,0.4548918
ASS1,0.08846856,1.0,60.0,-1.519369,1.411339,2.930708
GPR162,0.08846856,1.0,60.0,-1.5100042,-0.5135142,0.99649
KCNG1,0.08846856,1.0,60.0,-1.4744683,-0.3837063,1.090762
CPVL,0.08846856,1.0,60.0,-1.442219,4.5933,6.035519
PDLIM1,0.08846856,1.0,60.0,-1.385467,3.860983,5.24645
PNPLA3,0.08846856,1.0,60.0,-1.2542662,-0.8344199,0.4198463
RGS11,0.08846856,1.0,60.0,-1.2389998,-1.910076,-0.6710762
RGS4,0.08846856,1.0,60.0,-1.2094431,-0.747485,0.4619581
CALHM2,0.08846856,1.0,60.0,-1.200965,2.570213,3.771178
FAM64A,0.08846856,1.0,60.0,-1.150179,2.153844,3.304023
INMT,0.08846856,1.0,60.0,-1.093546,0.312201,1.405747
CDH11,0.08846856,1.0,60.0,-1.071131,2.623036,3.694167
LIMD1-AS1,0.08846856,1.0,60.0,-1.062219,2.242223,3.304442
PSMB8,0.08846856,1.0,135.0,1.000832,3.40133,2.400498
UGCG,0.08846856,1.0,135.0,1.056632,5.006554,3.949922
MYEF2,0.08846856,1.0,135.0,1.302493,4.236313,2.93382
ANKRD20A12P,0.08846856,1.0,135.0,1.3615798,2.121068,0.7594882
SNHG5,0.08846856,1.0,135.0,1.383093,9.051138,7.668045
IRX6,0.08846856,1.0,135.0,1.5010209,1.891507,0.3904861
SNHG8,0.08846856,1.0,135.0,1.744982,8.447397,6.702415
HLA-A,0.08846856,1.0,135.0,1.981057,7.422628,5.441571
ABCC2,0.08846856,1.0,135.0,2.4926895,2.115796,-0.3768935
PPP1R14C,0.08846856,1.0,135.0,2.5369517,0.8727027,-1.664249
DKFZP434L187,0.08929316,1.0,62.0,-1.124272,-3.321928,-2.197656
LOC284344,0.08967541,1.0,134.0,1.919843,-1.144627,-3.06447
KLK4,0.09174328,1.0,61.0,-1.311161,-2.764102,-1.452941
SCARNA6,0.09308432,1.0,62.0,-3.6413841,-3.321928,0.3194561
LOC283352,0.09564329,1.0,134.0,4.732925,3.141143,-1.591782
RCVRN,0.09706325,1.0,61.0,-1.021085,-2.795706,-1.774621
PLCB4,0.09772118,1.0,61.0,-2.621658,-1.558763,1.062895
RSPH9,0.09772118,1.0,61.0,-1.90907156,-1.973983,-0.06491144
PCOLCE,0.09772118,1.0,61.0,-1.890763,5.163543,7.054306
TBXA2R,0.09772118,1.0,61.0,-1.7380936,0.2973364,2.03543
IGDCC4,0.09772118,1.0,61.0,-1.7100766,-0.6695276,1.040549
NOVA1,0.09772118,1.0,61.0,-1.68105793,-1.761216,-0.08015807
TUBA8,0.09772118,1.0,61.0,-1.6658002,-0.4218052,1.243995
PCSK6,0.09772118,1.0,61.0,-1.5703462,-0.2249672,1.345379
MRGPRF,0.09772118,1.0,61.0,-1.504914,-0.516582,0.988332
TMEM163,0.09772118,1.0,61.0,-1.4877311,-0.3104351,1.177296
CTBP1-AS,0.09772118,1.0,61.0,-1.470821,-0.648919,0.821902
CXCL5,0.09772118,1.0,61.0,-1.4650856,-2.303461,-0.8383754
ACOX2,0.09772118,1.0,61.0,-1.4429556,-1.222019,0.2209366
MAP6D1,0.09772118,1.0,61.0,-1.4158326,0.1082314,1.524064
MSI1,0.09772118,1.0,61.0,-1.321138,-2.642031,-1.320893
LTBP1,0.09772118,1.0,61.0,-1.291908,1.98646,3.278368
MMP9,0.09772118,1.0,61.0,-1.265313,3.960799,5.226112
RADIL,0.09772118,1.0,61.0,-1.2361487,-2.150289,-0.9141403
TRPM3,0.09772118,1.0,61.0,-1.22613,-2.86917,-1.64304
RIMS2,0.09772118,1.0,61.0,-1.18251,-2.349026,-1.166516
UCHL1,0.09772118,1.0,61.0,-1.1725838,0.5262792,1.698863
GPR4,0.09772118,1.0,61.0,-1.140973,1.10748,2.248453
SPATA18,0.09772118,1.0,61.0,-1.0879963,-1.864423,-0.7764267
SNTA1,0.09772118,1.0,61.0,-1.06875,2.871713,3.940463
HOXB-AS1,0.09772118,1.0,61.0,-1.05469193,-1.09566,-0.04096807
FAM133DP,0.09772118,1.0,61.0,-1.0510606,-0.3765105,0.6745501
TNFRSF25,0.09772118,1.0,61.0,-1.0223879,0.4107481,1.433136
FILIP1,0.09772118,1.0,61.0,-1.0069617,-1.554049,-0.5470873
MN1,0.09772118,1.0,61.0,-1.002883,-1.223709,-0.220826
KBTBD4,0.09772118,1.0,134.0,1.001948,3.524064,2.522116
SPTBN2,0.09772118,1.0,134.0,1.448088,2.418522,0.970434
CLECL1,0.09772118,1.0,134.0,1.8788903,0.5635243,-1.315366
KRT19,0.09803674,1.0,61.5,-1.316096,-3.001736,-1.68564
BAGE,0.09882205,1.0,132.0,1.721211,-1.600717,-3.321928
HIST1H4B,0.09894899,1.0,62.0,-1.57329,-3.321928,-1.748638
