Gene,Chromosome,Start,End,adj. p value,ID,Description,Pre-Responders (n=24),Pre-Nonresponders (n=8),EDT-Responders (n=6),EDT-Nonresponders (n=3),log2 fold-change (PRE-R vs PRE-NR),log2 fold-change (EDT-R vs EDT-NR)
TNFRSF9,1,7915894,7943165,0.02291105,ENSG00000049249,"tumor necrosis factor receptor superfamily, member 9 [Source:HGNC Symbol;Acc:HGNC:11924]",1.2438441258333335,-1.4660603375,2.3896176233333333,-0.28315091666666664,2.7099044633333333,2.67276854
RCC2,1,17406760,17439724,0.04127799,ENSG00000179051,regulator of chromosome condensation 2 [Source:HGNC Symbol;Acc:HGNC:30297],5.041486412499999,5.289092500000001,4.94087065,5.159428566666667,-0.24760608750000124,-0.21855791666666669
CD52,1,26317957,26320523,0.009571429,ENSG00000169442,CD52 molecule [Source:HGNC Symbol;Acc:HGNC:1804],1.8042154491666667,0.55699901875,2.4627259666666665,1.1967596866666668,1.2472164304166666,1.2659662799999998
FGR,1,27612064,27635277,0.019326305,ENSG00000000938,"FGR proto-oncogene, Src family tyrosine kinase [Source:HGNC Symbol;Acc:HGNC:3697]",2.5883795541666665,1.4400921749999998,3.6440096166666667,1.7642955333333334,1.1482873791666668,1.8797140833333332
SRSF4,1,29147743,29181987,0.029076321,ENSG00000116350,serine/arginine-rich splicing factor 4 [Source:HGNC Symbol;Acc:HGNC:10786],4.771033854166666,5.017272425,4.772670983333333,4.773121566666667,-0.24623857083333345,-0.0004505833333343645
PUM1,1,30931506,31065991,0.005586884,ENSG00000134644,pumilio RNA-binding family member 1 [Source:HGNC Symbol;Acc:HGNC:14957],5.778998704166667,6.0411851,5.721949516666666,5.877913333333333,-0.26218639583333303,-0.1559638166666666
SNRNP40,1,31259568,31296782,0.02477062,ENSG00000060688,small nuclear ribonucleoprotein 40kDa (U5) [Source:HGNC Symbol;Acc:HGNC:30857],4.130022149999999,4.443670299999999,3.955745933333333,4.761155333333334,-0.3136481499999997,-0.8054094000000007
LCK,1,32251239,32286165,0.013861043,ENSG00000182866,"LCK proto-oncogene, Src family tyrosine kinase [Source:HGNC Symbol;Acc:HGNC:6524]",2.5018985950000006,0.7802613087499999,3.8510602166666668,1.3959232833333335,1.7216372862500007,2.4551369333333333
COL9A2,1,40300487,40317816,0.04521272,ENSG00000049089,"collagen, type IX, alpha 2 [Source:HGNC Symbol;Acc:HGNC:2218]",1.3595341072916665,1.7321706312499998,1.0671756283333333,2.0802919,-0.37263652395833335,-1.0131162716666668
ZFP69B,1,40450102,40463718,0.003235198,ENSG00000187801,ZFP69 zinc finger protein B [Source:HGNC Symbol;Acc:HGNC:28053],2.2509015291666667,2.7164081624999996,1.8084839666666666,2.857529566666667,-0.46550663333333286,-1.0490456000000004
NASP,1,45583846,45618904,0.021681866,ENSG00000132780,nuclear autoantigenic sperm protein (histone- binding) [Source:HGNC Symbol;Acc:HGNC:7644],5.353779445833332,5.817261887500001,5.37219405,5.3475185,-0.4634824416666685,0.024675550000000435
AK5,1,77282051,77559969,0.028619219,ENSG00000154027,adenylate kinase 5 [Source:HGNC Symbol;Acc:HGNC:365],1.1696926116666668,-1.013573735,0.6808221713333333,0.9728426,2.1832663466666666,-0.29202042866666666
LPHN2,1,81306160,81992436,0.018891959,ENSG00000117114,latrophilin 2 [Source:HGNC Symbol;Acc:HGNC:18582],4.783788958333333,5.5189368625,4.585374483333333,4.408133433333333,-0.7351479041666673,0.17724105000000012
GBP1,1,89052319,89065360,0.04743581,ENSG00000117228,"guanylate binding protein 1, interferon- inducible [Source:HGNC Symbol;Acc:HGNC:4182]",5.393639679166667,4.140207475,6.2556732166666675,4.877939233333334,1.2534322041666668,1.377733983333334
GBP5,1,89258950,89272804,0.008945633,ENSG00000154451,guanylate binding protein 5 [Source:HGNC Symbol;Acc:HGNC:19895],4.6478100541666665,2.9203183375,5.922891383333333,3.6933992,1.7274917166666666,2.229492183333333
PTPN22,1,113813811,113871759,0.016538082,ENSG00000134242,"protein tyrosine phosphatase, non-receptor type 22 (lymphoid) [Source:HGNC Symbol;Acc:HGNC:9652]",4.097743404166666,2.7295358875,4.998032833333333,2.8258055333333334,1.3682075166666658,2.1722273
CD2,1,116754385,116769228,0.014751267,ENSG00000116824,CD2 molecule [Source:HGNC Symbol;Acc:HGNC:1639],3.3108268083333336,1.72127932875,4.415481183333333,2.3548796000000003,1.5895474795833338,2.060601583333333
CTSS,1,150730196,150765957,0.0174237,ENSG00000163131,cathepsin S [Source:HGNC Symbol;Acc:HGNC:2545],4.711601145833332,3.9468925249999995,5.086479533333334,4.376968866666666,0.7647086208333325,0.7095106666666675
NUP210L,1,153992685,154155116,0.019298032,ENSG00000143552,nucleoporin 210kDa-like [Source:HGNC Symbol;Acc:HGNC:29915],1.72914697375,2.600860623125,0.908548175,1.8748597599999999,-0.871713649375,-0.9663115849999999
MEX3A,1,156072013,156081998,0.029076321,ENSG00000254726,mex-3 RNA binding family member A [Source:HGNC Symbol;Acc:HGNC:33482],0.2700273081666667,2.179221075,-2.0491696566666664,1.1460920333333333,-1.9091937668333334,-3.1952616899999997
TTC24,1,156579727,156586770,0.03316858,ENSG00000187862,tetratricopeptide repeat domain 24 [Source:HGNC Symbol;Acc:HGNC:32348],-0.67066385125,-2.855914875,0.878055505,-3.1610851333333336,2.18525102375,4.0391406383333335
FCRL3,1,157674321,157700857,0.033225864,ENSG00000160856,Fc receptor-like 3 [Source:HGNC Symbol;Acc:HGNC:18506],2.3352030163333333,0.40921103562500005,3.7045441333333327,-0.8587881999999999,1.9259919807083332,4.563332333333332
FCRL2,1,157745733,157777132,0.019298032,ENSG00000132704,Fc receptor-like 2 [Source:HGNC Symbol;Acc:HGNC:14875],0.778322276666667,-0.9427180212499999,1.3994373399999998,-3.1225927100000006,1.7210402979166668,4.522030050000001
MNDA,1,158831317,158849506,0.04521272,ENSG00000163563,myeloid cell nuclear differentiation antigen [Source:HGNC Symbol;Acc:HGNC:7183],2.7727280291666667,1.5687642212500001,3.4399458166666665,2.6927128000000002,1.2039638079166666,0.7472330166666663
PYHIN1,1,158930796,158977054,0.0019429453,ENSG00000163564,"pyrin and HIN domain family, member 1 [Source:HGNC Symbol;Acc:HGNC:28894]",2.9991072808333326,0.9319642587500001,4.1708563,1.8992396266666667,2.0671430220833322,2.271616673333333
CADM3,1,159171609,159203313,0.026101084,ENSG00000162706,cell adhesion molecule 3 [Source:HGNC Symbol;Acc:HGNC:17601],1.4555063820416665,-0.37298585625,1.0745210299999999,1.8403391333333332,1.8284922382916666,-0.7658181033333333
CADM3-AS1,1,159195985,159207973,0.04127799,ENSG00000225670,CADM3 antisense RNA 1 [Source:HGNC Symbol;Acc:HGNC:40812],0.5692922070833334,-1.0741691875,0.40048750166666663,0.98907999,1.6434613945833334,-0.5885924883333333
C1orf204,1,159834474,159855347,0.0266146,ENSG00000188004,chromosome 1 open reading frame 204 [Source:HGNC Symbol;Acc:HGNC:27647],1.20044523375,-0.42899249375,1.80283165,0.9745921666666666,1.6294377275,0.8282394833333333
SLAMF6,1,160485030,160523262,0.010267641,ENSG00000162739,SLAM family member 6 [Source:HGNC Symbol;Acc:HGNC:21392],2.347661765833333,0.450839208125,3.716599033333333,0.43633095666666666,1.896822557708333,3.2802680766666663
CD84,1,160541095,160579516,0.04521272,ENSG00000066294,CD84 molecule [Source:HGNC Symbol;Acc:HGNC:1704],3.6984062125000006,2.60964054125,4.695478283333332,2.8184454666666667,1.0887656712500005,1.8770328166666657
SLAMF1,1,160608100,160647295,0.026503805,ENSG00000117090,signaling lymphocytic activation molecule family member 1 [Source:HGNC Symbol;Acc:HGNC:10903],2.3278825760583337,0.4956173087499999,3.4883620333333334,0.7913161266666666,1.8322652673083337,2.6970459066666668
CD48,1,160678746,160711851,0.005586884,ENSG00000117091,CD48 molecule [Source:HGNC Symbol;Acc:HGNC:1683],3.3611411849999993,1.87028776375,4.125852433333334,1.9934357333333335,1.4908534212499993,2.1324167000000003
SLAMF7,1,160739057,160754821,0.0019429453,ENSG00000026751,SLAM family member 7 [Source:HGNC Symbol;Acc:HGNC:21394],3.1924520691666665,1.46073541125,4.6366492500000005,2.0991997666666666,1.7317166579166665,2.537449483333334
LY9,1,160796074,160828261,0.028619219,ENSG00000122224,lymphocyte antigen 9 [Source:HGNC Symbol;Acc:HGNC:6730],1.8106676514833335,0.35256447,3.1494950166666666,-0.1752590066666666,1.4581031814833336,3.324754023333333
CD247,1,167430640,167518610,0.029076321,ENSG00000198821,CD247 molecule [Source:HGNC Symbol;Acc:HGNC:1677],2.3437203441416665,0.9015450499999998,4.08715785,0.9549116633333335,1.4421752941416668,3.132246186666666
RCSD1,1,167630093,167706249,0.025112897,ENSG00000198771,RCSD domain containing 1 [Source:HGNC Symbol;Acc:HGNC:28310],3.0295366833333337,1.8526304087499998,3.5363718,2.182516366666667,1.1769062745833339,1.353855433333333
SELL,1,169690667,169711698,0.035903737,ENSG00000188404,selectin L [Source:HGNC Symbol;Acc:HGNC:10720],2.8897343224999994,1.976511595,4.0462232,2.1560098,0.9132227274999993,1.8902134
FMO3,1,171090877,171117819,0.019995581,ENSG00000007933,flavin containing monooxygenase 3 [Source:HGNC Symbol;Acc:HGNC:3771],1.4372914219583335,0.0007365124999999806,1.952782475,0.43853553999999995,1.4365549094583334,1.514246935
FASLG,1,172659018,172666874,0.03380434,ENSG00000117560,"Fas ligand (TNF superfamily, member 6) [Source:HGNC Symbol;Acc:HGNC:11936]",0.31356120875,-2.410825525,2.225265711,-0.8647621533333334,2.72438673375,3.0900278643333334
TNFSF4,1,173183734,173207313,0.020978851,ENSG00000117586,"tumor necrosis factor (ligand) superfamily, member 4 [Source:HGNC Symbol;Acc:HGNC:11934]",0.96519077125,-0.677601038375,0.5071238823333334,0.09936818000000003,1.6427918096249998,0.40775570233333336
PTPRC,1,198638671,198757283,0.013861043,ENSG00000081237,"protein tyrosine phosphatase, receptor type, C [Source:HGNC Symbol;Acc:HGNC:9666]",6.567493174999998,5.701315975,7.2214459,5.786591433333332,0.8661771999999983,1.4348544666666676
LAX1,1,203765176,203776233,0.013039684,ENSG00000122188,lymphocyte transmembrane adaptor 1 [Source:HGNC Symbol;Acc:HGNC:26005],1.907712063541667,0.17872414375000004,3.2191053666666662,0.39085791666666664,1.7289879197916669,2.8282474499999997
RASSF5,1,206507530,206589283,0.008945633,ENSG00000266094,Ras association (RalGDS/AF-6) domain family member 5 [Source:HGNC Symbol;Acc:HGNC:17609],3.1708683124999997,1.8760622462499998,3.8481703499999997,2.449279966666667,1.2948060662499998,1.3988903833333328
FAIM3,1,206904386,206923247,0.020456715,ENSG00000162894,Fas apoptotic inhibitory molecule 3 [Source:HGNC Symbol;Acc:HGNC:14315],2.7574804679166665,1.725187175,3.7785006833333328,1.1574077566666667,1.0322932929166664,2.621092926666666
TRAF3IP3,1,209756032,209782320,0.03204338,ENSG00000009790,TRAF3 interacting protein 3 [Source:HGNC Symbol;Acc:HGNC:30766],3.423107483333333,2.1897034375,4.330405716666666,2.4428123333333334,1.2334040458333329,1.887593383333333
FAM177B,1,222737207,222750805,0.03380434,ENSG00000197520,"family with sequence similarity 177, member B [Source:HGNC Symbol;Acc:HGNC:34395]",-1.0842239170833334,-2.605505425,-1.9523619250000002,-1.21027084,1.5212815079166666,-0.7420910850000002
TLR5,1,223109406,223143282,0.029076321,ENSG00000187554,toll-like receptor 5 [Source:HGNC Symbol;Acc:HGNC:11851],2.9136446916666667,1.9093146625,3.6543352833333334,2.514655133333333,1.0043300291666668,1.1396801500000002
SOX11,2,5692667,5701385,1.7063412e-08,ENSG00000176887,SRY (sex determining region Y)-box 11 [Source:HGNC Symbol;Acc:HGNC:11191],-2.8667249600000004,-1.7982299625,-4.515887266666667,-2.356824633333334,-1.0684949975000004,-2.159062633333333
LPIN1,2,11677595,11827409,0.019995581,ENSG00000134324,lipin 1 [Source:HGNC Symbol;Acc:HGNC:13345],5.263622575,4.6751393,5.3833987500000005,4.892231166666667,0.5884832750000006,0.49116758333333355
CDC42EP3,2,37641882,37738468,0.019995581,ENSG00000163171,CDC42 effector protein (Rho GTPase binding) 3 [Source:HGNC Symbol;Acc:HGNC:16943],3.428530875,2.44214839625,3.1013159,3.2962850666666665,0.98638247875,-0.19496916666666664
SPRED2,2,65310851,65432637,0.04818407,ENSG00000198369,"sprouty-related, EVH1 domain containing 2 [Source:HGNC Symbol;Acc:HGNC:17722]",4.030901849999999,4.4842071875,3.602170283333333,4.334639033333333,-0.4533053375000007,-0.7324687499999998
TLX2,2,74513463,74517147,0.04339699,ENSG00000115297,T-cell leukemia homeobox 2 [Source:HGNC Symbol;Acc:HGNC:5057],-3.388179297916666,-2.73422390325,-4.2517268,-3.161085033333334,-0.6539553946666659,-1.0906417666666663
TRABD2A,2,84821650,84907008,0.019069778,ENSG00000186854,TraB domain containing 2A [Source:HGNC Symbol;Acc:HGNC:27013],1.0587198833333333,-0.6550440962499999,1.4415099458333334,1.6968480766666667,1.7137639795833333,-0.25533813083333334
CD8A,2,86784610,86808396,0.0075481455,ENSG00000153563,CD8a molecule [Source:HGNC Symbol;Acc:HGNC:1706],3.937854245833334,2.21984373375,4.9963908,1.9820117333333336,1.718010512083334,3.0143790666666668
RGPD2,2,87755955,87825952,0.045056693,ENSG00000185304,RANBP2-like and GRIP domain containing 2 [Source:HGNC Symbol;Acc:HGNC:32415],0.9259693260583334,-0.55666135,1.5620012733333333,-1.2164760933333334,1.4826306760583334,2.7784773666666664
IL18R1,2,102311529,102398775,0.014751267,ENSG00000115604,interleukin 18 receptor 1 [Source:HGNC Symbol;Acc:HGNC:5988],1.9677987615416672,0.59626022875,2.6806424833333335,1.5191214733333336,1.3715385327916674,1.16152101
IL18RAP,2,102418689,102452565,0.019326305,ENSG00000115607,interleukin 18 receptor accessory protein [Source:HGNC Symbol;Acc:HGNC:5989],0.7501386839166666,-0.7204429537499999,2.185442995,-0.9154298506666666,1.4705816376666665,3.1008728456666663
PSD4,2,113157325,113209396,0.030690951,ENSG00000125637,pleckstrin and Sec7 domain containing 4 [Source:HGNC Symbol;Acc:HGNC:19096],3.3108099125,2.18878410875,4.140685516666667,2.6556721666666667,1.1220258037499997,1.4850133500000005
ARHGAP15,2,143091362,143768352,0.034687724,ENSG00000075884,Rho GTPase activating protein 15 [Source:HGNC Symbol;Acc:HGNC:21030],3.747450166666667,2.9066573625,4.285363183333334,3.4407137666666667,0.840792804166667,0.8446494166666669
ERMN,2,157318625,157327713,0.0019429453,ENSG00000136541,"ermin, ERM-like protein [Source:HGNC Symbol;Acc:HGNC:29208]",0.13022671416666665,-1.7700492037500002,1.163495875,-2.202928733333333,1.9002759179166668,3.3664246083333333
CYTIP,2,157414619,157488961,0.014841062,ENSG00000115165,cytohesin 1 interacting protein [Source:HGNC Symbol;Acc:HGNC:9506],3.4516953583333336,2.44766205,4.24589975,1.9068010333333334,1.0040333083333337,2.3390987166666672
LY75-CD302,2,159771851,159904710,0.01567141,ENSG00000248672,LY75-CD302 readthrough [Source:HGNC Symbol;Acc:HGNC:38828],5.163285433333333,4.163678925,5.859261666666668,4.619270033333334,0.9996065083333328,1.239991633333334
LY75,2,159803355,159904749,0.004489796,ENSG00000054219,lymphocyte antigen 75 [Source:HGNC Symbol;Acc:HGNC:6729],4.675804224999999,3.2443403250000005,5.644009233333333,3.7871458333333337,1.431463899999999,1.856863399999999
CSRNP3,2,165469647,165689407,0.021171741,ENSG00000178662,cysteine-serine-rich nuclear protein 3 [Source:HGNC Symbol;Acc:HGNC:30729],0.32853806874999997,1.0464465795,-0.46648656666666666,1.837905,-0.7179085107500001,-2.3043915666666663
METAP1D,2,171999583,172082430,0.021820616,ENSG00000172878,methionyl aminopeptidase type 1D (mitochondrial) [Source:HGNC Symbol;Acc:HGNC:32583],2.4220646541666664,2.8105544375,1.2527996166666666,3.0565646999999996,-0.3884897833333336,-1.803765083333333
DLX1,2,172084740,172089677,0.009955232,ENSG00000144355,distal-less homeobox 1 [Source:HGNC Symbol;Acc:HGNC:2914],-0.8191783154166665,-0.50930086875,-3.2078327833333327,-1.2317843066666667,-0.3098774466666665,-1.976048476666666
CCDC141,2,178829757,179050086,0.040258072,ENSG00000163492,coiled-coil domain containing 141 [Source:HGNC Symbol;Acc:HGNC:26821],3.9211632000000005,2.8002511625,4.5189630166666666,3.0571861333333334,1.1209120375000006,1.461776883333333
SSFA2,2,181891833,181930738,0.043839756,ENSG00000138434,sperm specific antigen 2 [Source:HGNC Symbol;Acc:HGNC:11319],6.308065474999999,6.626704587499999,5.992733133333334,6.338279866666667,-0.31863911249999965,-0.3455467333333333
STAT4,2,191029576,191151596,0.023147317,ENSG00000138378,signal transducer and activator of transcription 4 [Source:HGNC Symbol;Acc:HGNC:11365],3.4029263125000004,2.4665663249999996,4.494048983333333,2.8225851,0.9363599875000008,1.6714638833333333
NABP1,2,191678068,191696659,0.0177772,ENSG00000173559,nucleic acid binding protein 1 [Source:HGNC Symbol;Acc:HGNC:26232],4.109293716666667,3.4815053625,4.425024083333333,3.6632455000000004,0.6277883541666673,0.7617785833333324
TUBA4A,2,219249711,219278170,0.03708629,ENSG00000127824,"tubulin, alpha 4a [Source:HGNC Symbol;Acc:HGNC:12407]",2.7041921225000003,1.4004208812499999,3.5885002499999996,2.6439384,1.3037712412500004,0.9445618499999995
SP140,2,230203110,230313215,0.03208446,ENSG00000079263,SP140 nuclear body protein [Source:HGNC Symbol;Acc:HGNC:17133],3.7514852958333322,2.45906495,5.152938750000001,2.3032651333333334,1.292420345833332,2.849673616666667
CNTN6,3,1092576,1404217,0.0045572915,ENSG00000134115,contactin 6 [Source:HGNC Symbol;Acc:HGNC:2176],-0.08709852020833338,0.82417794,-1.2037197133333333,-2.0537757333333335,-0.9112764602083334,0.8500560200000002
ITPR1,3,4493348,4847840,0.03510969,ENSG00000150995,"inositol 1,4,5-trisphosphate receptor, type 1 [Source:HGNC Symbol;Acc:HGNC:6180]",5.949714620833333,5.23220575,6.230494583333333,5.323758233333334,0.717508870833333,0.9067363499999992
BTD,3,15601341,15645822,0.022508133,ENSG00000169814,biotinidase [Source:HGNC Symbol;Acc:HGNC:1122],3.7133661874999997,2.92032145,3.993665716666667,3.5268339333333336,0.7930447374999998,0.4668317833333333
KAT2B,3,20040023,20154404,0.009571429,ENSG00000114166,K(lysine) acetyltransferase 2B [Source:HGNC Symbol;Acc:HGNC:8638],5.438506974999999,4.6726077749999995,5.441770900000001,5.113093833333333,0.7658991999999998,0.3286770666666676
EOMES,3,27715949,27722711,0.0005698743,ENSG00000163508,eomesodermin [Source:HGNC Symbol;Acc:HGNC:3372],2.5845729937499997,1.10546409625,3.781447433333333,1.2476297533333334,1.4791088974999997,2.53381768
CCR2,3,46353734,46360928,0.0177772,ENSG00000121807,chemokine (C-C motif) receptor 2 [Source:HGNC Symbol;Acc:HGNC:1603],1.9625610266666669,-0.16232347087500004,2.7012200666666666,1.2945874933333332,2.1248844975416668,1.4066325733333334
CCR5,3,46370854,46376206,0.04513669,ENSG00000160791,chemokine (C-C motif) receptor 5 (gene/pseudogene) [Source:HGNC Symbol;Acc:HGNC:1606],2.085753414166667,0.4902759962500001,3.3256572500000003,1.2870649666666667,1.595477417916667,2.0385922833333336
IL17RD,3,57089982,57170306,0.0045572915,ENSG00000144730,interleukin 17 receptor D [Source:HGNC Symbol;Acc:HGNC:17616],2.2017760249999996,2.1837091375,1.6457585500000003,2.0263408,0.018066887499999407,-0.38058224999999957
TRAT1,3,108822698,108855005,0.019326305,ENSG00000163519,T cell receptor associated transmembrane adaptor 1 [Source:HGNC Symbol;Acc:HGNC:30698],1.1067137091666666,-0.873661375,2.713719616666667,-0.25856813,1.9803750841666665,2.972287746666667
CD96,3,111292719,111665750,0.008214221,ENSG00000153283,CD96 molecule [Source:HGNC Symbol;Acc:HGNC:16892],3.7034449375000005,2.157189195,5.016697233333334,2.1870811333333333,1.5462557425000005,2.8296161000000004
ZBED2,3,111592900,111595443,0.039128777,ENSG00000177494,"zinc finger, BED-type containing 2 [Source:HGNC Symbol;Acc:HGNC:20710]",-1.1497289808333335,-2.8314248324999998,0.65158976,-3.022739233333334,1.6816958516666662,3.674328993333334
BTLA,3,112463968,112499561,0.016538082,ENSG00000186265,B and T lymphocyte associated [Source:HGNC Symbol;Acc:HGNC:21087],0.5804289716666667,-1.36956619125,1.5044470849999998,-0.7923519733333334,1.9499951629166667,2.2967990583333333
SIDT1,3,113532296,113629578,0.02291105,ENSG00000072858,"SID1 transmembrane family, member 1 [Source:HGNC Symbol;Acc:HGNC:25967]",2.0330655989583333,0.8525835880000001,3.11214795,0.4369080766666667,1.1804820109583332,2.6752398733333336
TIGIT,3,114276913,114310288,0.03380434,ENSG00000181847,T cell immunoreceptor with Ig and ITIM domains [Source:HGNC Symbol;Acc:HGNC:26838],0.9191579445833332,-0.9626203112499999,2.495379433333333,-0.49264744999999993,1.8817782558333331,2.9880268833333328
CP,3,149162410,149222055,0.032525875,ENSG00000047457,ceruloplasmin (ferroxidase) [Source:HGNC Symbol;Acc:HGNC:2295],3.7504216750000006,2.9047125625000003,4.08884835,3.9198933999999994,0.8457091125000002,0.16895495000000071
P2RY13,3,151326312,151329548,0.016538082,ENSG00000181631,"purinergic receptor P2Y, G-protein coupled, 13 [Source:HGNC Symbol;Acc:HGNC:4537]",1.9225425425000005,0.26118579500000005,2.8728852833333334,1.6224487333333333,1.6613567475000004,1.25043655
LAMP3,3,183122213,183163839,0.043967076,ENSG00000078081,lysosomal-associated membrane protein 3 [Source:HGNC Symbol;Acc:HGNC:14582],2.2687999029166668,0.6387680775,3.370811383333333,2.2634203999999998,1.6300318254166668,1.107390983333333
JAKMIP1,4,6026199,6200591,0.01621393,ENSG00000152969,janus kinase and microtubule interacting protein 1 [Source:HGNC Symbol;Acc:HGNC:26460],0.5820598798750001,-1.698259925,2.5355190533333336,-0.8121448,2.280319804875,3.3476638533333336
CD38,4,15778275,15853230,0.019326305,ENSG00000004468,CD38 molecule [Source:HGNC Symbol;Acc:HGNC:1667],2.6149650225,1.04321021875,3.9010668,0.8091291800000001,1.5717548037499998,3.09193762
DTHD1,4,36281622,36345756,0.03380434,ENSG00000197057,death domain containing 1 [Source:HGNC Symbol;Acc:HGNC:37261],1.8753020645833336,0.09257478317499995,3.18895135,-0.3519678433333333,1.7827272814083337,3.540919193333333
PTTG2,4,37960435,37961125,0.030888539,ENSG00000250254,pituitary tumor-transforming 2 [Source:HGNC Symbol;Acc:HGNC:9691],-0.9343839262083332,-2.54998244125,0.13409867933333333,-2.5820963999999997,1.615598515041667,2.716195079333333
TLR10,4,38772239,38782990,0.018378757,ENSG00000174123,toll-like receptor 10 [Source:HGNC Symbol;Acc:HGNC:15634],1.298470404875,-0.5414359000000001,1.765240806666667,-0.32164331333333335,1.839906304875,2.08688412
ATP8A1,4,42408373,42657105,0.009571429,ENSG00000124406,"ATPase, aminophospholipid transporter (APLT), class I, type 8A, member 1 [Source:HGNC Symbol;Acc:HGNC:13531]",4.623337970833332,3.51588355,5.420863633333333,3.7276510666666667,1.1074544208333323,1.6932125666666664
TXK,4,48066393,48134256,0.03380434,ENSG00000074966,TXK tyrosine kinase [Source:HGNC Symbol;Acc:HGNC:12434],2.4998187815000006,1.57330182625,3.3703651666666663,1.0869904266666666,0.9265169552500006,2.2833747399999997
SULT1E1,4,69810780,69860152,0.009571429,ENSG00000109193,"sulfotransferase family 1E, estrogen- preferring, member 1 [Source:HGNC Symbol;Acc:HGNC:11377]",-3.1323230147750003,-1.36531337875,-4.226392816666666,-1.97964489,-1.7670096360250003,-2.246747926666666
FDCSP,4,70226071,70235252,0.03249546,ENSG00000181617,follicular dendritic cell secreted protein [Source:HGNC Symbol;Acc:HGNC:19215],-0.4621510669166666,-1.669433233125,0.35867875,-0.6853012066666667,1.2072821662083333,1.0439799566666668
NAAA,4,75913657,75941051,0.02291105,ENSG00000138744,N-acylethanolamine acid amidase [Source:HGNC Symbol;Acc:HGNC:736],2.7683487749999998,1.8797087874999998,3.4784820166666663,2.8674769999999996,0.8886399875,0.6110050166666667
CXCL9,4,76001275,76007488,0.006389066,ENSG00000138755,chemokine (C-X-C motif) ligand 9 [Source:HGNC Symbol;Acc:HGNC:7098],3.26962049375,1.3703400087499997,4.441356766666666,2.953622333333333,1.8992804850000005,1.4877344333333329
CXCL13,4,77511753,77611834,0.026660139,ENSG00000156234,chemokine (C-X-C motif) ligand 13 [Source:HGNC Symbol;Acc:HGNC:10639],1.5010901924999998,-0.30544684625000007,3.1243658999999995,0.16084297666666666,1.8065370387499997,2.9635229233333327
PLAC8,4,83090048,83137075,0.019326305,ENSG00000145287,placenta-specific 8 [Source:HGNC Symbol;Acc:HGNC:19254],1.4747725672916665,0.26785152375,1.9713102000000005,0.4483084433333333,1.2069210435416666,1.5230017566666672
DAPP1,4,99816833,99870154,0.017473638,ENSG00000070190,dual adaptor of phosphotyrosine and 3- phosphoinositides [Source:HGNC Symbol;Acc:HGNC:16500],2.2419180583333334,0.9558365424999999,3.336369583333333,1.4849207333333334,1.2860815158333334,1.8514488499999997
BANK1,4,101411286,102074812,0.0174237,ENSG00000153064,B-cell scaffold protein with ankyrin repeats 1 [Source:HGNC Symbol;Acc:HGNC:18233],2.3886359600000007,1.34321118375,3.010555933333333,-0.015283286666666673,1.0454247762500006,3.0258392199999995
TNIP3,4,121131408,121227466,0.04631174,ENSG00000050730,TNFAIP3 interacting protein 3 [Source:HGNC Symbol;Acc:HGNC:19315],0.48688168483333344,-1.5522668125,2.2588586866666667,-1.2623105166666666,2.0391484973333336,3.5211692033333333
DCHS2,4,154232037,154491716,0.005586884,ENSG00000197410,dachsous cadherin-related 2 [Source:HGNC Symbol;Acc:HGNC:23111],0.7150991222499998,2.3583013250000002,-0.266449055,0.7583072799999999,-1.6432022027500004,-1.024756335
TMEM144,4,158201604,158255411,0.029076321,ENSG00000164124,transmembrane protein 144 [Source:HGNC Symbol;Acc:HGNC:25633],2.4176074691666667,1.52735721625,2.7248350066666664,2.1487192166666667,0.8902502529166667,0.5761157899999998
C1QTNF3,5,34019448,34043832,0.004489796,ENSG00000082196,C1q and tumor necrosis factor related protein 3 [Source:HGNC Symbol;Acc:HGNC:14326],2.171110985,2.6718985875,1.81085345,2.132825,-0.5007876025,-0.32197155
IL7R,5,35852695,35879603,0.030888539,ENSG00000168685,interleukin 7 receptor [Source:HGNC Symbol;Acc:HGNC:6024],4.047349508333332,3.397062825,4.82181395,2.8728743,0.6502866833333325,1.9489396500000002
GZMK,5,55024253,55034570,0.014751267,ENSG00000113088,granzyme K (granzyme 3; tryptase II) [Source:HGNC Symbol;Acc:HGNC:4711],1.7578261141666662,-0.118398575575,2.9528316833333332,0.21700947333333334,1.8762246897416661,2.73582221
GAPT,5,58491435,58497090,0.03380434,ENSG00000175857,"GRB2-binding adaptor protein, transmembrane [Source:HGNC Symbol;Acc:HGNC:26588]",0.19891235354166673,-2.0491495674999998,0.8951974300000001,-0.6463115766666667,2.2480619210416664,1.5415090066666668
RNF180,5,64165844,64372869,0.04830946,ENSG00000164197,ring finger protein 180 [Source:HGNC Symbol;Acc:HGNC:27752],2.35017444,1.52421567875,2.5326985833333335,2.9360971666666664,0.8259587612499999,-0.4033985833333329
MAN2A1,5,109689366,109869625,0.03154435,ENSG00000112893,"mannosidase, alpha, class 2A, member 1 [Source:HGNC Symbol;Acc:HGNC:6824]",5.399013054166667,4.794884225,5.516228216666666,5.2342281999999996,0.6041288291666671,0.2820000166666663
TRIM36,5,115124762,115180546,0.043839756,ENSG00000152503,tripartite motif containing 36 [Source:HGNC Symbol;Acc:HGNC:16280],1.6011662154166666,0.6290984848625,2.5306884666666662,2.17982331,0.9720677305541666,0.35086515666666607
CDC42SE2,5,131245493,131398447,0.032603346,ENSG00000158985,CDC42 small effector 2 [Source:HGNC Symbol;Acc:HGNC:18547],3.0052245875000008,2.2463059750000003,3.3794378666666667,2.646891666666667,0.7589186125000005,0.7325461999999998
C5orf56,5,132410636,132476044,0.028784372,ENSG00000197536,chromosome 5 open reading frame 56 [Source:HGNC Symbol;Acc:HGNC:33838],2.7803555541666665,1.8682773,3.3640530999999996,2.1117559333333333,0.9120782541666665,1.2522971666666662
IRF1,5,132481609,132490798,0.019141916,ENSG00000125347,interferon regulatory factor 1 [Source:HGNC Symbol;Acc:HGNC:6116],4.442420870833334,3.0036075875,5.23858005,3.9412538999999995,1.4388132833333338,1.2973261500000008
CCDC69,5,151181052,151224145,0.019326305,ENSG00000198624,coiled-coil domain containing 69 [Source:HGNC Symbol;Acc:HGNC:24487],3.068258529166666,2.0010025375,3.888196183333333,2.4052681000000002,1.0672559916666664,1.482928083333333
HAVCR1,5,157029413,157059119,0.029076321,ENSG00000113249,hepatitis A virus cellular receptor 1 [Source:HGNC Symbol;Acc:HGNC:17866],-0.36891103016666665,-2.28330761875,1.5362175216666667,-2.3129782666666667,1.9143965885833332,3.8491957883333336
ITK,5,157142933,157255191,0.016538082,ENSG00000113263,IL2-inducible T-cell kinase [Source:HGNC Symbol;Acc:HGNC:6171],3.8016477083333338,2.50297570875,5.2986607999999995,3.0126907666666667,1.2986719995833336,2.285970033333333
FNDC9,5,157341600,157345721,0.04127799,ENSG00000172568,fibronectin type III domain containing 9 [Source:HGNC Symbol;Acc:HGNC:33547],-1.6186446633333331,-3.0222247500000003,-0.46912676333333336,-2.437776766666667,1.4035800866666672,1.9686500033333336
WWC1,5,168291651,168472303,0.024635268,ENSG00000113645,WW and C2 domain containing 1 [Source:HGNC Symbol;Acc:HGNC:29435],2.2854888387499996,1.67294907125,1.6782356833333336,3.1503175,0.6125397674999997,-1.4720818166666663
DOCK2,5,169637247,170083382,0.049897857,ENSG00000134516,dedicator of cytokinesis 2 [Source:HGNC Symbol;Acc:HGNC:2988],5.8064737666666675,4.85313215,6.542371,5.082860733333333,0.9533416166666671,1.4595102666666673
CPEB4,5,173888280,173961976,0.04127799,ENSG00000113742,cytoplasmic polyadenylation element binding protein 4 [Source:HGNC Symbol;Acc:HGNC:21747],4.7670257750000005,4.228479475,5.004780383333334,4.8397441,0.5385463000000001,0.1650362833333343
GFOD1,6,13357830,13487662,0.005586884,ENSG00000145990,glucose-fructose oxidoreductase domain containing 1 [Source:HGNC Symbol;Acc:HGNC:21096],2.3601814312500005,0.6536525962499999,2.6287969666666666,2.2509754333333336,1.7065288350000005,0.377821533333333
RNF144B,6,18387350,18468874,0.010117314,ENSG00000137393,ring finger protein 144B [Source:HGNC Symbol;Acc:HGNC:21578],3.117838795833334,2.334736345,3.6660747,2.8351075666666667,0.7831024508333337,0.830967133333333
FAM65B,6,24797373,25042168,0.03721279,ENSG00000111913,"family with sequence similarity 65, member B [Source:HGNC Symbol;Acc:HGNC:13872]",4.330483675000001,3.4091847125000005,4.74056675,3.654168666666667,0.9212989625000003,1.086398083333333
BTN3A2,6,26365159,26378320,0.012922492,ENSG00000186470,"butyrophilin, subfamily 3, member A2 [Source:HGNC Symbol;Acc:HGNC:1139]",5.0120105541666655,4.144663175000001,5.625279750000001,4.822095966666667,0.8673473791666648,0.803183783333334
BTN3A1,6,26402237,26415216,0.034498688,ENSG00000026950,"butyrophilin, subfamily 3, member A1 [Source:HGNC Symbol;Acc:HGNC:1138]",4.857757170833333,4.097943925000001,5.424840933333333,4.412673233333333,0.7598132458333318,1.0121677
OR2B2,6,27911185,27912396,0.030888539,ENSG00000168131,"olfactory receptor, family 2, subfamily B, member 2 [Source:HGNC Symbol;Acc:HGNC:13966]",-3.263365593333333,-2.2466062375,-4.490553233333333,-2.6574311500000003,-1.016759355833333,-1.833122083333333
OR2B6,6,27957241,27958182,0.043839756,ENSG00000124657,"olfactory receptor, family 2, subfamily B, member 6 [Source:HGNC Symbol;Acc:HGNC:8241]",-2.8213935224999998,-2.4161838375,-4.323886633333333,-2.7109194000000003,-0.40520968499999954,-1.612967233333333
UBD,6,29555515,29559925,0.0075481455,ENSG00000213886,ubiquitin D [Source:HGNC Symbol;Acc:HGNC:18795],2.747549039583333,0.576712406125,4.0059657,2.1727231666666666,2.170836633458333,1.8332425333333333
HLA-F,6,29722775,29738528,0.026126647,ENSG00000204642,"major histocompatibility complex, class I, F [Source:HGNC Symbol;Acc:HGNC:4963]",5.105605754166667,4.06124395,5.745936783333334,4.630550466666667,1.044361804166667,1.115386316666667
HLA-F-AS1,6,29726601,29749049,0.037785873,ENSG00000214922,HLA-F antisense RNA 1 [Source:HGNC Symbol;Acc:HGNC:26645],2.9457001083333334,1.839599195,3.4095612833333333,2.178523966666667,1.1061009133333335,1.2310373166666664
PSMB9,6,32844136,32859585,0.015172976,ENSG00000240065,"proteasome (prosome, macropain) subunit, beta type, 9 [Source:HGNC Symbol;Acc:HGNC:9546]",3.321086233333333,1.89621751,3.8852521833333333,3.0132995,1.4248687233333328,0.8719526833333333
ETV7,6,36354642,36387800,0.016538082,ENSG00000010030,ets variant 7 [Source:HGNC Symbol;Acc:HGNC:18160],1.0176738062499997,-1.1759504625,2.1814329833333335,1.0138860733333332,2.19362426875,1.1675469100000002
MLIP,6,53929982,54266280,0.028471446,ENSG00000146147,muscular LMNA-interacting protein [Source:HGNC Symbol;Acc:HGNC:21355],1.4409920412500001,-0.07307298749999996,3.5197637,1.6508049333333332,1.5140650287500002,1.8689587666666667
OGFRL1,6,71288803,71308950,0.016538082,ENSG00000119900,opioid growth factor receptor-like 1 [Source:HGNC Symbol;Acc:HGNC:21378],4.2367727625,3.4322884,4.13948895,3.841261233333333,0.8044843625000002,0.2982277166666667
AK9,6,109492856,109691217,0.043839756,ENSG00000155085,adenylate kinase 9 [Source:HGNC Symbol;Acc:HGNC:33814],3.3645102041666664,2.5817391000000005,3.74998965,3.990014,0.7827711041666658,-0.2400243500000001
FAM26F,6,116461370,116463779,0.0174237,ENSG00000188820,"family with sequence similarity 26, member F [Source:HGNC Symbol;Acc:HGNC:33391]",1.5541903750000001,-0.5454195694999999,2.425315883333333,0.7856660400000001,2.0996099445,1.6396498433333329
THEMIS,6,127708072,127918631,0.011925199,ENSG00000172673,thymocyte selection associated [Source:HGNC Symbol;Acc:HGNC:21569],2.5287912458333333,0.746974065625,3.756088666666667,0.93526414,1.7818171802083334,2.8208245266666667
SAMD3,6,130144315,130365425,0.04189441,ENSG00000164483,sterile alpha motif domain containing 3 [Source:HGNC Symbol;Acc:HGNC:21574],1.9513301410666666,0.5698841437500001,2.996204366666667,0.7462011566666668,1.3814459973166664,2.25000321
VNN2,6,132743870,132763459,0.0174237,ENSG00000112303,vanin 2 [Source:HGNC Symbol;Acc:HGNC:12706],1.9053783705833336,0.6352440937499999,3.0199193333333336,1.5204144499999999,1.2701342768333337,1.4995048833333338
PDE7B,6,135851696,136195574,0.03380434,ENSG00000171408,phosphodiesterase 7B [Source:HGNC Symbol;Acc:HGNC:8792],2.48237853125,2.7770048,2.4789381083333333,2.1478964166666663,-0.29462626874999964,0.33104169166666697
IFNGR1,6,137197484,137219449,0.010117314,ENSG00000027697,interferon gamma receptor 1 [Source:HGNC Symbol;Acc:HGNC:5439],4.891880566666667,4.3631209375,5.196778383333333,4.992606666666666,0.5287596291666672,0.204171716666667
TNFAIP3,6,137867188,137883312,0.02089385,ENSG00000118503,"tumor necrosis factor, alpha-induced protein 3 [Source:HGNC Symbol;Acc:HGNC:11896]",4.611935545833332,3.596417825,5.014716166666667,4.559100366666667,1.0155177208333321,0.45561580000000035
HIVEP2,6,142751467,142945201,0.040258072,ENSG00000010818,human immunodeficiency virus type I enhancer binding protein 2 [Source:HGNC Symbol;Acc:HGNC:4921],5.9298812625,5.4768230625,5.962826016666667,5.9168809,0.4530582000000001,0.04594511666666712
SUMO4,6,149400227,149401292,0.045056693,ENSG00000177688,small ubiquitin-like modifier 4 [Source:HGNC Symbol;Acc:HGNC:21181],0.19582491287499992,-0.9038303196249999,0.8070637996666666,-0.8617659166666666,1.0996552325,1.6688297163333332
PLEKHG1,6,150599863,150843665,0.029465647,ENSG00000120278,"pleckstrin homology domain containing, family G (with RhoGef domain) member 1 [Source:HGNC Symbol;Acc:HGNC:20884]",4.695623320833334,3.7267560875,4.789908666666666,4.569470433333334,0.9688672333333335,0.2204382333333328
IPCEF1,6,154154496,154356792,0.018891959,ENSG00000074706,interaction protein for cytohesin exchange factors 1 [Source:HGNC Symbol;Acc:HGNC:21204],2.06864845175,0.5008851875,2.911299716666667,0.6014857796666666,1.5677632642500001,2.3098139370000004
TAGAP,6,159034468,159045152,0.04127799,ENSG00000164691,T-cell activation RhoGTPase activating protein [Source:HGNC Symbol;Acc:HGNC:15669],3.3020887208333325,2.1604557250000003,4.342658599999999,2.5622159333333334,1.1416329958333322,1.7804426666666657
C7orf31,7,25134697,25180356,0.04127799,ENSG00000153790,chromosome 7 open reading frame 31 [Source:HGNC Symbol;Acc:HGNC:21722],3.3116325291666677,2.5312465250000002,3.455915716666667,3.0430572333333337,0.7803860041666675,0.4128584833333333
TRIL,7,28953358,28958292,0.035899784,ENSG00000255690,TLR4 interactor with leucine-rich repeats [Source:HGNC Symbol;Acc:HGNC:22200],0.14012665629166662,0.44990468624999985,-2.3930047,-0.07424248333333335,-0.30977802995833326,-2.318762216666667
AOAH,7,36512949,36724549,0.038147647,ENSG00000136250,acyloxyacyl hydrolase (neutrophil) [Source:HGNC Symbol;Acc:HGNC:548],4.193648308333333,3.06835695,5.077851166666666,3.217697166666667,1.1252913583333326,1.8601539999999992
NME8,7,37848597,37900401,0.0133268405,ENSG00000086288,NME/NM23 family member 8 [Source:HGNC Symbol;Acc:HGNC:16473],0.5992575450833334,-1.059913125,2.2370709166666667,-0.9006317699999999,1.6591706700833333,3.1377026866666666
TRGC2,7,38239580,38368091,0.049897857,ENSG00000227191,T cell receptor gamma constant 2 [Source:HGNC Symbol;Acc:HGNC:12276],2.305835306666666,0.5312350311749999,3.804679116666667,0.7850098366666667,1.7746002754916659,3.0196692800000005
TRGV5,7,38343894,38350022,0.013861043,ENSG00000211697,T cell receptor gamma variable 5 [Source:HGNC Symbol;Acc:HGNC:12290],1.557461079583333,-0.21973040124999993,2.9793838166666666,0.8099612,1.777191480833333,2.1694226166666666
TRGV3,7,38358512,38359162,0.019491265,ENSG00000211699,T cell receptor gamma variable 3 [Source:HGNC Symbol;Acc:HGNC:12288],0.5914084270833333,-1.23194241375,2.0002067733333333,-0.60781911,1.8233508408333332,2.608025883333333
TRGV1,7,38367586,38368169,0.04381558,ENSG00000211701,T cell receptor gamma variable 1 (non- functional) [Source:HGNC Symbol;Acc:HGNC:12284],-0.07109042208333337,-1.7402608875,1.0899942083333334,-1.0848121433333333,1.6691704654166668,2.1748063516666667
IKZF1,7,50304124,50405101,0.028459372,ENSG00000185811,IKAROS family zinc finger 1 (Ikaros) [Source:HGNC Symbol;Acc:HGNC:13176],3.441245395833333,2.4101412625,4.185901566666666,2.4847136,1.0311041333333333,1.7011879666666658
ABCB1,7,87503633,87713323,0.019995581,ENSG00000085563,"ATP-binding cassette, sub-family B (MDR/TAP), member 1 [Source:HGNC Symbol;Acc:HGNC:40]",3.1870553266666666,1.9831914875,4.324152383333334,2.1816429999999998,1.2038638391666665,2.142509383333334
TFR2,7,100620416,100642779,0.01567141,ENSG00000106327,transferrin receptor 2 [Source:HGNC Symbol;Acc:HGNC:11762],-0.16067870879166665,0.7465985225,0.07544489799999998,-0.17966808333333337,-0.9072772312916667,0.2551129813333334
RELN,7,103471784,103989516,0.040995724,ENSG00000189056,reelin [Source:HGNC Symbol;Acc:HGNC:9957],3.407764788333333,3.9621663500000004,2.7692186166666666,3.8113503666666664,-0.5544015616666673,-1.0421317499999998
PIK3CG,7,106865278,106907145,0.04007878,ENSG00000105851,"phosphatidylinositol-4,5-bisphosphate 3- kinase, catalytic subunit gamma [Source:HGNC Symbol;Acc:HGNC:8978]",4.090301391666667,2.9428647125000005,4.82081175,3.120908333333333,1.1474366791666668,1.6999034166666669
CADPS2,7,122318425,122886759,0.030690951,ENSG00000081803,Ca++-dependent secretion activator 2 [Source:HGNC Symbol;Acc:HGNC:16018],4.812724379166667,3.5321986499999998,5.25430535,5.111849933333333,1.2805257291666674,0.1424554166666674
TSPAN33,7,129144892,129169697,0.01621393,ENSG00000158457,tetraspanin 33 [Source:HGNC Symbol;Acc:HGNC:28743],2.1594561291666663,0.9467415087500001,2.4330266666666667,2.0878755333333334,1.2127146204166661,0.34515113333333325
TRBV25-1,7,142670740,142793141,0.025627948,ENSG00000211751,T cell receptor beta variable 25-1 [Source:HGNC Symbol;Acc:HGNC:12205],1.8197651516666669,0.10478464675000004,3.1733284833333335,0.7900180866666666,1.7149805049166669,2.383310396666667
TRBC2,7,142670777,142802748,0.030888539,ENSG00000211772,T cell receptor beta constant 2 [Source:HGNC Symbol;Acc:HGNC:12157],3.128446995833334,1.9881625362499997,4.2771056666666665,2.2235759,1.1402844595833341,2.0535297666666663
TRBV28,7,142720660,142793255,0.027475359,ENSG00000211753,T cell receptor beta variable 28 [Source:HGNC Symbol;Acc:HGNC:12209],1.8555434960416666,0.11700505787500004,3.109591,0.9256122333333333,1.7385384381666666,2.183978766666667
GIMAP7,7,150514830,150521073,0.02089385,ENSG00000179144,"GTPase, IMAP family member 7 [Source:HGNC Symbol;Acc:HGNC:22404]",2.7006032350000004,1.66608760125,3.7189900000000002,2.1374773,1.0345156337500003,1.5815127000000002
GIMAP4,7,150567277,150573955,0.038099643,ENSG00000133574,"GTPase, IMAP family member 4 [Source:HGNC Symbol;Acc:HGNC:21872]",3.1917932375,2.2234393249999997,3.7349529333333336,2.7658522,0.9683539125000005,0.9691007333333337
GIMAP5,7,150716557,150750033,0.020456715,ENSG00000196329,"GTPase, IMAP family member 5 [Source:HGNC Symbol;Acc:HGNC:18005]",3.426649075,2.1086626225000002,4.1285835833333335,3.1185011999999994,1.3179864524999996,1.010082383333334
TNFRSF10A,8,23190452,23225126,0.03388819,ENSG00000104689,"tumor necrosis factor receptor superfamily, member 10a [Source:HGNC Symbol;Acc:HGNC:11904]",1.921523857083333,0.36191695999999995,2.842280866666666,1.977733233333333,1.559606897083333,0.8645476333333331
ADAM28,8,24294040,24359018,0.0177772,ENSG00000042980,ADAM metallopeptidase domain 28 [Source:HGNC Symbol;Acc:HGNC:206],4.041563545833332,2.82529795,4.566475283333333,2.2909577,1.2162655958333324,2.2755175833333334
PTK2B,8,27311482,27459391,0.019868372,ENSG00000120899,protein tyrosine kinase 2 beta [Source:HGNC Symbol;Acc:HGNC:9612],4.642632570833333,3.837453325,5.404476649999999,4.243116466666667,0.8051792458333336,1.1613601833333327
NUGGC,8,28021964,28083871,0.018891959,ENSG00000189233,"nuclear GTPase, germinal center associated [Source:HGNC Symbol;Acc:HGNC:33550]",0.3867167661625,-1.5608805268750001,2.00889955,-1.33544051,1.9475972930375,3.3443400600000004
IDO1,8,39902275,39928444,0.013039684,ENSG00000131203,"indoleamine 2,3-dioxygenase 1 [Source:HGNC Symbol;Acc:HGNC:6059]",2.7454488945833333,0.5873150392500001,4.206922683333333,2.1645855,2.1581338553333334,2.042337183333333
LYN,8,55879813,56011381,0.023147317,ENSG00000254087,"LYN proto-oncogene, Src family tyrosine kinase [Source:HGNC Symbol;Acc:HGNC:6735]",4.323499429166667,3.5185747375,4.957724033333333,4.081763966666667,0.8049246916666668,0.875960066666666
ANGPT1,8,107249482,107498055,0.0174237,ENSG00000154188,angiopoietin 1 [Source:HGNC Symbol;Acc:HGNC:484],1.8603236736250002,2.1690118625,0.8272117466666665,1.3084908733333334,-0.30868818887499994,-0.48127912666666683
CSMD3,8,112222928,113437099,0.02477062,ENSG00000164796,CUB and Sushi multiple domains 3 [Source:HGNC Symbol;Acc:HGNC:19291],-0.14566973812499998,0.03373518000000003,-0.9243333166666666,-1.2517782833333333,-0.179404918125,0.32744496666666667
SAMD12,8,118189455,118621995,0.018378757,ENSG00000279535,sterile alpha motif domain containing 12 [Source:EntrezGene;Acc:401474],-0.3174686233333333,-1.8790304125,0.538280055,-0.8131560666666666,1.5615617891666667,1.3514361216666666
TMEM71,8,132685007,132760712,0.016538082,ENSG00000165071,transmembrane protein 71 [Source:HGNC Symbol;Acc:HGNC:26572],1.9128161187500001,0.27932359250000005,2.9015727666666664,2.4345763000000002,1.63349252625,0.46699646666666617
JAK2,9,4985033,5128183,0.043839756,ENSG00000096968,Janus kinase 2 [Source:HGNC Symbol;Acc:HGNC:6192],5.2154325875,4.5307996125,5.488491883333334,4.738945133333334,0.6846329749999995,0.7495467500000004
CD274,9,5450503,5470566,0.017473638,ENSG00000120217,CD274 molecule [Source:HGNC Symbol;Acc:HGNC:17635],2.137969965416666,-0.37009024,3.5420069999999995,1.1607094166666665,2.5080602054166663,2.3812975833333327
PIP5K1B,9,68705414,69009176,0.019995581,ENSG00000107242,"phosphatidylinositol-4-phosphate 5-kinase, type I, beta [Source:HGNC Symbol;Acc:HGNC:8995]",2.060489660416667,0.6976748725000002,2.5193903883333335,1.2016419833333334,1.362814787916667,1.3177484050000001
PRUNE2,9,76611376,76906087,0.021820616,ENSG00000106772,prune homolog 2 (Drosophila) [Source:HGNC Symbol;Acc:HGNC:25209],4.308338545833334,2.6619239375,5.053758433333333,5.689844566666667,1.646414608333334,-0.6360861333333343
GTF3C5,9,133030675,133058503,0.043839756,ENSG00000148308,"general transcription factor IIIC, polypeptide 5, 63kDa [Source:HGNC Symbol;Acc:HGNC:4668]",3.9002363,4.27238385,4.032849733333333,4.2471481,-0.37214754999999977,-0.21429836666666713
GPSM1,9,136327476,136359605,0.022508133,ENSG00000160360,G-protein signaling modulator 1 [Source:HGNC Symbol;Acc:HGNC:17858],2.991491391666667,3.690030475,2.2366808833333334,3.7840520666666664,-0.6985390833333329,-1.547371183333333
DPH7,9,137554904,137578935,0.043839756,ENSG00000148399,diphthamide biosynthesis 7 [Source:HGNC Symbol;Acc:HGNC:25199],3.0799085083333337,3.3839726875,3.1102157333333333,3.4016059,-0.3040641791666663,-0.2913901666666665
WDR37,10,1049538,1132297,0.0045572915,ENSG00000047056,WD repeat domain 37 [Source:HGNC Symbol;Acc:HGNC:31406],3.8953929499999997,3.2931293000000004,4.221235166666666,3.6645419666666665,0.6022636499999994,0.5566931999999998
PITRM1,10,3137728,3172841,0.030690951,ENSG00000107959,pitrilysin metallopeptidase 1 [Source:HGNC Symbol;Acc:HGNC:17663],5.66375385,5.2730266875,5.879345366666667,5.740430233333334,0.39072716250000017,0.13891513333333272
PITRM1-AS1,10,3141632,3167972,0.019326305,ENSG00000237399,PITRM1 antisense RNA 1 [Source:HGNC Symbol;Acc:HGNC:44675],3.180833875000001,2.6516414624999998,3.5665142,3.1164653333333336,0.5291924125000014,0.4500488666666662
IL15RA,10,5937569,5978187,0.02995939,ENSG00000134470,"interleukin 15 receptor, alpha [Source:HGNC Symbol;Acc:HGNC:5978]",2.0083084729166667,0.6623014312500001,2.9553388333333337,1.8309703666666666,1.3460070416666667,1.1243684666666671
PRKCQ,10,6427143,6580301,0.020144254,ENSG00000065675,"protein kinase C, theta [Source:HGNC Symbol;Acc:HGNC:9410]",2.4827587250000005,1.33336194,3.932621316666667,1.1800734066666667,1.1493967850000004,2.75254791
WDFY4,10,48684876,48982956,0.04127799,ENSG00000128815,WDFY family member 4 [Source:HGNC Symbol;Acc:HGNC:29323],5.455887208333333,4.321251362499999,6.153952966666666,4.696963233333333,1.1346358458333343,1.4569897333333328
LRRC18,10,48909483,48935190,0.042410087,ENSG00000165383,leucine rich repeat containing 18 [Source:HGNC Symbol;Acc:HGNC:23199],0.6085728395833333,-0.8152048218750001,1.6763899833333333,-0.98830989,1.4237776614583333,2.6646998733333334
PRF1,10,70597348,70602775,0.026126647,ENSG00000180644,perforin 1 (pore forming protein) [Source:HGNC Symbol;Acc:HGNC:9360],2.5241779437499994,0.6984403675,4.11892,0.9763434866666666,1.8257375762499994,3.1425765133333337
CDH23,10,71396934,71815947,0.039469626,ENSG00000107736,cadherin-related 23 [Source:HGNC Symbol;Acc:HGNC:13733],3.4507273249999995,2.726390075,4.254579499999999,3.1763873,0.7243372499999996,1.0781921999999993
SPOCK2,10,72059035,72089032,0.032859407,ENSG00000107742,"sparc/osteonectin, cwcv and kazal-like domains proteoglycan (testican) 2 [Source:HGNC Symbol;Acc:HGNC:13564]",2.4298703245833333,1.456985402,3.6560287,1.3632864400000002,0.9728849225833334,2.29274226
ANKRD22,10,88822132,88851818,0.027332686,ENSG00000152766,ankyrin repeat domain 22 [Source:HGNC Symbol;Acc:HGNC:28321],1.2097371527499998,-1.5865945778749997,2.9626445333333336,0.81009976,2.7963317306249995,2.1525447733333336
CYP26A1,10,93073475,93077890,0.013861043,ENSG00000095596,"cytochrome P450, family 26, subfamily A, polypeptide 1 [Source:HGNC Symbol;Acc:HGNC:2603]",-2.370891635833333,-1.5795948874999999,-3.7517267349999996,-2.5820965533333333,-0.7912967483333331,-1.1696301816666663
C10orf131,10,95907603,95938723,0.048713967,ENSG00000173088,chromosome 10 open reading frame 131 [Source:HGNC Symbol;Acc:HGNC:31667],0.31587734441666676,-0.33603840875,0.9925432016666668,-0.12568522333333335,0.6519157531666668,1.118228425
ACSL5,10,112374018,112428380,0.02530957,ENSG00000197142,acyl-CoA synthetase long-chain family member 5 [Source:HGNC Symbol;Acc:HGNC:16526],3.816182320833333,2.7378376375,4.566574233333333,3.4541466,1.078344683333333,1.1124276333333332
CCDC186,10,114120862,114174220,0.020456715,ENSG00000165813,coiled-coil domain containing 186 [Source:HGNC Symbol;Acc:HGNC:24349],4.803921633333333,4.167264074999999,4.91978765,4.5566368,0.6366575583333338,0.36315085000000025
ANO9,11,417933,442011,0.04127799,ENSG00000185101,anoctamin 9 [Source:HGNC Symbol;Acc:HGNC:20679],2.011841725833333,0.9482416566249998,2.6634935333333334,0.83879745,1.0636000692083332,1.8246960833333334
EPS8L2,11,694438,727727,0.049897857,ENSG00000177106,EPS8-like 2 [Source:HGNC Symbol;Acc:HGNC:21296],1.5971548250000003,1.3374820175,1.0495090791666666,2.988171166666667,0.2596728075000003,-1.9386620875000005
TRIM22,11,5689689,5737089,0.008945633,ENSG00000132274,tripartite motif containing 22 [Source:HGNC Symbol;Acc:HGNC:16379],4.9125948374999995,3.9753371375000004,5.347821416666666,4.2011618,0.9372576999999991,1.1466596166666658
MS4A1,11,60455752,60470760,0.019326305,ENSG00000156738,"membrane-spanning 4-domains, subfamily A, member 1 [Source:HGNC Symbol;Acc:HGNC:7315]",3.0364007954166667,2.2057674,3.9103533666666674,1.6694225333333332,0.8306333954166667,2.2409308333333344
CD6,11,60971680,61020377,0.017473638,ENSG00000013725,CD6 molecule [Source:HGNC Symbol;Acc:HGNC:1691],2.7085325112500005,1.3125944625,4.000565483333333,1.6264307866666667,1.3959380487500006,2.3741346966666663
CD5,11,61102395,61127852,0.043967076,ENSG00000110448,CD5 molecule [Source:HGNC Symbol;Acc:HGNC:1685],1.6587063650000005,0.20419821125,3.28372005,0.7801699966666668,1.4545081537500004,2.503550053333333
RCOR2,11,63911221,63916844,0.019868372,ENSG00000167771,REST corepressor 2 [Source:HGNC Symbol;Acc:HGNC:27455],-0.1685166935,1.41191329875,-1.0165769116666665,1.5279393466666669,-1.58042999225,-2.544516258333333
CTSW,11,65879809,65883741,0.019326305,ENSG00000172543,cathepsin W [Source:HGNC Symbol;Acc:HGNC:2546],1.9183640941666666,0.213419565675,3.0246884166666668,0.03769090666666671,1.7049445284916667,2.98699751
SYTL2,11,85694224,85811159,0.04127799,ENSG00000137501,synaptotagmin-like 2 [Source:HGNC Symbol;Acc:HGNC:15585],5.081405104166667,4.4109472,4.954614416666667,5.047107533333333,0.6704579041666667,-0.09249311666666582
BIRC3,11,102317450,102339403,0.009571429,ENSG00000023445,baculoviral IAP repeat containing 3 [Source:HGNC Symbol;Acc:HGNC:591],4.178766554166667,2.8510308500000003,4.545576016666668,3.1596393333333332,1.3277357041666664,1.3859366833333344
MMP12,11,102862736,102875034,0.028009662,ENSG00000262406,matrix metallopeptidase 12 (macrophage elastase) [Source:HGNC Symbol;Acc:HGNC:7158],1.1847177874166663,0.263650960375,2.2140176433333334,-0.3030625066666666,0.9210668270416663,2.51708015
CASP5,11,104994235,105023168,0.033577047,ENSG00000137757,"caspase 5, apoptosis-related cysteine peptidase [Source:HGNC Symbol;Acc:HGNC:1506]",0.04080334791666671,-2.1610623075,1.694051175,-0.75445654,2.2018656554166665,2.448507715
AMICA1,11,118193740,118225094,0.019326305,ENSG00000160593,"adhesion molecule, interacts with CXADR antigen 1 [Source:HGNC Symbol;Acc:HGNC:19084]",3.920035229166667,2.6670746825,4.823095,3.2485180000000002,1.252960546666667,1.5745770000000001
CD3E,11,118304545,118316175,0.029076321,ENSG00000198851,"CD3e molecule, epsilon (CD3-TCR complex) [Source:HGNC Symbol;Acc:HGNC:1674]",3.257715208333334,2.0181749637500004,4.65713095,2.2783085333333335,1.2395402445833335,2.3788224166666665
CD3G,11,118344344,118355161,0.02576964,ENSG00000160654,"CD3g molecule, gamma (CD3-TCR complex) [Source:HGNC Symbol;Acc:HGNC:1675]",2.172677060833333,0.61047164375,3.8366472,1.14889602,1.5622054170833328,2.68775118
CRTAM,11,122838500,122872639,0.011925199,ENSG00000109943,cytotoxic and regulatory T cell molecule [Source:HGNC Symbol;Acc:HGNC:24313],0.5716698504166667,-2.0287418625,2.11844265,-1.6312821433333333,2.600411712916667,3.7497247933333333
VWA5A,11,124115362,124147721,0.035899784,ENSG00000110002,von Willebrand factor A domain containing 5A [Source:HGNC Symbol;Acc:HGNC:6658],2.79460315,1.94706218875,3.4730089500000005,3.3339267666666665,0.84754096125,0.139082183333334
CCND2,12,4273772,4305350,0.040258072,ENSG00000118971,cyclin D2 [Source:HGNC Symbol;Acc:HGNC:1583],2.8998400041666668,1.8720629124999997,3.2399841166666667,1.9797621200000002,1.027777091666667,1.2602219966666666
CLEC4E,12,8533305,8540963,0.032603346,ENSG00000166523,"C-type lectin domain family 4, member E [Source:HGNC Symbol;Acc:HGNC:14555]",0.46607889002499997,-1.276193430625,2.1266804833333333,-0.37637604,1.74227232065,2.503056523333333
CD69,12,9752486,9760901,0.019326305,ENSG00000110848,CD69 molecule [Source:HGNC Symbol;Acc:HGNC:1694],1.9755527770833334,0.7087616937500001,2.9187374666666663,0.27198426333333336,1.2667910833333333,2.6467532033333327
KLRD1,12,10226058,10329600,0.014751267,ENSG00000134539,"killer cell lectin-like receptor subfamily D, member 1 [Source:HGNC Symbol;Acc:HGNC:6378]",1.9041305323333335,0.2990112331249999,2.7011516566666667,-0.1179907,1.6051192992083336,2.8191423566666667
ERP27,12,14914035,14939082,0.019668652,ENSG00000139055,endoplasmic reticulum protein 27 [Source:HGNC Symbol;Acc:HGNC:26495],0.6258463216666666,-0.6527171095,1.4841342316666666,0.20667754333333335,1.2785634311666665,1.2774566883333331
LRMP,12,25021002,25108334,0.01621393,ENSG00000118308,lymphoid-restricted membrane protein [Source:HGNC Symbol;Acc:HGNC:6690],2.9865765666666664,1.9518113249999998,3.690293316666667,1.8692791,1.0347652416666666,1.8210142166666672
TSPAN11,12,30926428,30996599,0.009571429,ENSG00000110900,tetraspanin 11 [Source:HGNC Symbol;Acc:HGNC:30795],0.18633623535833332,1.1271436400000001,0.043851410000000014,0.8248977133333333,-0.9408074046416668,-0.7810463033333332
ABCD2,12,39550033,39619751,0.04127799,ENSG00000173208,"ATP-binding cassette, sub-family D (ALD), member 2 [Source:HGNC Symbol;Acc:HGNC:66]",1.7679900598083333,0.20075140625,2.8961346000000003,1.1734989999999998,1.5672386535583334,1.7226356000000005
LRRK2,12,40196744,40369285,0.0019309518,ENSG00000188906,leucine-rich repeat kinase 2 [Source:HGNC Symbol;Acc:HGNC:18618],5.969235258333334,5.026060675,6.6530367833333335,5.385048566666666,0.9431745833333336,1.2679882166666676
BIN2,12,51281038,51324668,0.03605307,ENSG00000110934,bridging integrator 2 [Source:HGNC Symbol;Acc:HGNC:1053],3.760878754166667,2.61727941625,4.804969983333333,2.8367655999999997,1.1435993379166667,1.9682043833333331
TESPA1,12,54948018,54984746,0.033286702,ENSG00000135426,"thymocyte expressed, positive selection associated 1 [Source:HGNC Symbol;Acc:HGNC:29109]",2.074579735833334,0.7158473824999999,3.3971737333333336,0.7990312133333335,1.3587323533333344,2.59814252
LGR5,12,71439770,71586310,0.0004978369,ENSG00000139292,leucine-rich repeat containing G protein- coupled receptor 5 [Source:HGNC Symbol;Acc:HGNC:4504],-0.60813662625,0.7455939999999999,-1.6586118260000002,0.45562456666666673,-1.35373062625,-2.114236392666667
GNPTAB,12,101745497,101830938,0.049897857,ENSG00000111670,"N-acetylglucosamine-1-phosphate transferase, alpha and beta subunits [Source:HGNC Symbol;Acc:HGNC:29670]",6.660603516666666,6.416035425,6.67349835,6.606842166666667,0.24456809166666638,0.06665618333333345
DRAM1,12,101877351,102012130,0.017669689,ENSG00000136048,DNA-damage regulated autophagy modulator 1 [Source:HGNC Symbol;Acc:HGNC:25645],3.21526495,2.6736630750000003,3.6453336166666666,2.8897542333333335,0.5416018749999996,0.7555793833333331
CCDC64,12,119989869,120094494,0.040258072,ENSG00000135127,coiled-coil domain containing 64 [Source:HGNC Symbol;Acc:HGNC:28095],2.439925322916667,0.84362027375,3.491651266666666,2.7238496333333337,1.5963050491666668,0.7678016333333324
FLT3,13,28003274,28100592,0.031117434,ENSG00000122025,fms-related tyrosine kinase 3 [Source:HGNC Symbol;Acc:HGNC:3765],1.9313999398750006,0.44731620250000004,3.037596616666667,1.0003236930000001,1.4840837373750007,2.0372729236666665
RFC3,13,33818049,33966558,0.04127799,ENSG00000133119,"replication factor C (activator 1) 3, 38kDa [Source:HGNC Symbol;Acc:HGNC:9971]",3.3157221708333338,3.59502865,3.4015945166666666,3.4750146,-0.2793064791666664,-0.07342008333333361
LCP1,13,46125920,46211871,0.025112897,ENSG00000136167,lymphocyte cytosolic protein 1 (L-plastin) [Source:HGNC Symbol;Acc:HGNC:6528],5.348910329166667,4.59857625,5.905773316666667,4.913154333333334,0.7503340791666675,0.9926189833333332
PCDH9,13,66302834,67230445,0.042410087,ENSG00000184226,protocadherin 9 [Source:HGNC Symbol;Acc:HGNC:8661],3.244258355833334,3.4012728875000002,1.5348056333333335,3.233012966666667,-0.157014531666666,-1.6982073333333336
RNASE6,14,20781051,20782467,0.033290736,ENSG00000169413,"ribonuclease, RNase A family, k6 [Source:HGNC Symbol;Acc:HGNC:10048]",1.906761897916667,0.9057779244999999,2.601034783333333,1.5004553666666667,1.000983973416667,1.1005794166666665
TRAC,14,22281105,22552155,0.026101084,ENSG00000277734,T cell receptor alpha constant [Source:HGNC Symbol;Acc:HGNC:12029],3.4469208916666663,2.127548675,4.061130666666667,2.548610733333333,1.3193722166666664,1.512519933333334
TRAJ18,14,22525650,22525715,0.026503805,ENSG00000211871,T cell receptor alpha joining 18 [Source:HGNC Symbol;Acc:HGNC:12046],-1.4662041808333335,-2.807344175,-0.743687943,-3.5820965333333334,1.3411399941666664,2.8384085903333336
CDH24,14,23047062,23057538,0.011373567,ENSG00000139880,"cadherin 24, type 2 [Source:HGNC Symbol;Acc:HGNC:14265]",1.5102860629166666,2.3871075025,0.7290117083333333,1.1932135,-0.8768214395833336,-0.46420179166666664
LRFN5,14,41607570,41904549,0.04521272,ENSG00000165379,leucine rich repeat and fibronectin type III domain containing 5 [Source:HGNC Symbol;Acc:HGNC:20360],0.05697684391666669,0.18582606999999995,-0.52288035,0.3036763333333334,-0.12884922608333327,-0.8265566833333333
GCH1,14,54842008,54902852,0.0075481455,ENSG00000131979,GTP cyclohydrolase 1 [Source:HGNC Symbol;Acc:HGNC:4193],2.816831225,1.3750819300000001,3.832173466666667,1.8486774333333333,1.441749295,1.9834960333333338
PRKCH,14,61187559,61550976,0.0011223995,ENSG00000027075,"protein kinase C, eta [Source:HGNC Symbol;Acc:HGNC:9403]",4.264134670833334,3.1731326125,4.84659185,3.7718813,1.0910020583333342,1.0747105500000003
BATF,14,75522425,75547015,0.0177772,ENSG00000156127,"basic leucine zipper transcription factor, ATF-like [Source:HGNC Symbol;Acc:HGNC:958]",0.3593644840416666,-1.3706411175,1.8042539316666666,0.7986885766666667,1.7300056015416665,1.0055653549999999
CCDC88C,14,91271323,91417844,0.04127799,ENSG00000015133,coiled-coil domain containing 88C [Source:HGNC Symbol;Acc:HGNC:19967],4.503703683333335,3.6692682125,5.524663666666666,3.7654190333333335,0.8344354708333346,1.7592446333333327
DLK1,14,100725705,100738224,1.2111258e-05,ENSG00000185559,delta-like 1 homolog (Drosophila) [Source:HGNC Symbol;Acc:HGNC:2907],-4.047768325,-2.4995058875,-4.541221033333333,-2.6969793133333333,-1.5482624375,-1.8442417199999994
GPR132,14,105049389,105065445,0.034001157,ENSG00000183484,G protein-coupled receptor 132 [Source:HGNC Symbol;Acc:HGNC:17482],1.30349378,0.014711638749999978,2.3436304666666667,0.5351286333333334,1.28878214125,1.8085018333333334
RASGRP1,15,38488103,38565575,0.019326305,ENSG00000172575,RAS guanyl releasing protein 1 (calcium and DAG-regulated) [Source:HGNC Symbol;Acc:HGNC:9878],4.1883559375,2.9567959250000007,5.015061266666666,2.9036542,1.2315600124999992,2.1114070666666658
TMEM62,15,43123279,43185146,0.04127799,ENSG00000137842,transmembrane protein 62 [Source:HGNC Symbol;Acc:HGNC:26269],3.9619090249999993,3.1161174375,4.205529283333334,3.3279894333333337,0.8457915874999995,0.8775398500000002
CCNDBP1,15,43185118,43197176,0.047154035,ENSG00000166946,cyclin D-type binding-protein 1 [Source:HGNC Symbol;Acc:HGNC:1587],4.086931837499999,3.8041481999999998,4.2761481,3.9762579666666666,0.28278363749999924,0.2998901333333337
PATL2,15,44665732,44711316,0.03431402,ENSG00000229474,protein associated with topoisomerase II homolog 2 (yeast) [Source:HGNC Symbol;Acc:HGNC:33630],2.351956157333333,0.9797636925,3.29346085,0.8497839333333334,1.372192464833333,2.443676916666667
SQRDL,15,45631148,45691294,0.0174237,ENSG00000137767,sulfide quinone reductase-like (yeast) [Source:HGNC Symbol;Acc:HGNC:20390],3.5547168166666663,2.5088594075,4.2986361833333335,3.344616333333333,1.0458574091666661,0.9540198500000003
ALDH1A2,15,57953424,58497866,0.008945633,ENSG00000128918,"aldehyde dehydrogenase 1 family, member A2 [Source:HGNC Symbol;Acc:HGNC:15472]",0.7260927384583332,1.8311391611624999,1.2429016965,1.0296570999999999,-1.1050464227041665,0.21324459650000005
IGDCC3,15,65327127,65378040,0.0075481455,ENSG00000174498,"immunoglobulin superfamily, DCC subclass, member 3 [Source:HGNC Symbol;Acc:HGNC:9700]",-3.196099768333333,-1.9360315625,-4.18255385,-2.6387382,-1.2600682058333332,-1.5438156499999995
IGDCC4,15,65381464,65423072,0.009571429,ENSG00000103742,"immunoglobulin superfamily, DCC subclass, member 4 [Source:HGNC Symbol;Acc:HGNC:13770]",1.7934219843750003,3.2465824000000003,1.5196630566666667,3.5605963666666667,-1.453160415625,-2.04093331
STRA6,15,74179466,74212267,0.017473638,ENSG00000137868,stimulated by retinoic acid 6 [Source:HGNC Symbol;Acc:HGNC:30650],2.1036874393750007,2.31180082625,1.4968560733333334,1.927641263,-0.20811338687499914,-0.43078518966666657
PTPN9,15,75463251,75579289,0.033286702,ENSG00000169410,"protein tyrosine phosphatase, non-receptor type 9 [Source:HGNC Symbol;Acc:HGNC:9661]",4.475293091666667,4.762338574999999,4.623844300000001,4.746414466666667,-0.28704548333333246,-0.12257016666666587
CRABP1,15,78340324,78348230,0.0061228694,ENSG00000166426,cellular retinoic acid binding protein 1 [Source:HGNC Symbol;Acc:HGNC:2338],-2.7451692708333333,-2.3591380875,-4.059726166666667,-1.92760516,-0.3860311833333334,-2.132121006666667
MCTP2,15,94231538,94483952,0.033290736,ENSG00000140563,"multiple C2 domains, transmembrane 2 [Source:HGNC Symbol;Acc:HGNC:25636]",3.8420922387500003,2.4582541499999997,4.256100016666667,3.4417247666666664,1.3838380887500006,0.8143752500000008
RAB11FIP3,16,425619,523011,0.019326305,ENSG00000090565,RAB11 family interacting protein 3 (class II) [Source:HGNC Symbol;Acc:HGNC:17224],4.001532375,4.3338169375,3.79166635,3.9908643,-0.33228456249999994,-0.1991979500000003
IL32,16,3065297,3082192,0.017473638,ENSG00000008517,interleukin 32 [Source:HGNC Symbol;Acc:HGNC:16830],2.3956257949999995,0.87133640375,3.3040494666666667,1.6870217666666667,1.5242893912499995,1.6170277
NLRC3,16,3539033,3577400,0.03838041,ENSG00000167984,"NLR family, CARD domain containing 3 [Source:HGNC Symbol;Acc:HGNC:29889]",2.903338708333333,1.91559069,3.89222395,1.6360595666666666,0.9877480183333331,2.256164383333333
CIITA,16,10877198,10932281,0.04127799,ENSG00000179583,"class II, major histocompatibility complex, transactivator [Source:HGNC Symbol;Acc:HGNC:7067]",5.788517283333333,4.5064622750000005,6.434241583333333,5.092555733333334,1.2820550083333329,1.3416858499999993
ITGAL,16,30472658,30523185,0.021820616,ENSG00000005844,"integrin, alpha L (antigen CD11A (p180), lymphocyte function-associated antigen 1; alpha polypeptide) [Source:HGNC Symbol;Acc:HGNC:6148]",4.6340177166666665,3.3062159125000004,5.677429316666667,3.3265052666666666,1.3278018041666662,2.3509240500000006
SLC12A3,16,56865207,56915850,0.045056693,ENSG00000070915,"solute carrier family 12 (sodium/chloride transporter), member 3 [Source:HGNC Symbol;Acc:HGNC:10912]",-0.6246361817916667,-1.6764916275,1.4209636666666665,-1.6239401840000003,1.0518554457083331,3.0449038506666666
NLRC5,16,56989485,57083531,0.014841062,ENSG00000140853,"NLR family, CARD domain containing 5 [Source:HGNC Symbol;Acc:HGNC:29933]",5.847608625,4.673544624999999,6.524917233333333,5.2382785,1.1740640000000013,1.2866387333333336
GPR114,16,57542421,57591681,0.0075481455,ENSG00000159618,G protein-coupled receptor 114 [Source:HGNC Symbol;Acc:HGNC:19010],0.5953527491666667,-1.712138775,1.4853975666666666,-1.5079657,2.3074915241666667,2.9933632666666665
RLTPR,16,67644919,67657569,0.045874454,ENSG00000159753,"RGD motif, leucine rich repeats, tropomodulin domain and proline-rich containing [Source:HGNC Symbol;Acc:HGNC:27089]",2.16405287875,1.0934521112500002,3.1625791333333333,1.0812189566666666,1.0706007675,2.0813601766666667
PLCG2,16,81739097,81962693,0.03151201,ENSG00000197943,"phospholipase C, gamma 2 (phosphatidylinositol-specific) [Source:HGNC Symbol;Acc:HGNC:9066]",4.578768079166667,3.58719005,5.072423666666666,4.3071336,0.9915780291666674,0.7652900666666662
IRF8,16,85898803,85922609,0.035290167,ENSG00000140968,interferon regulatory factor 8 [Source:HGNC Symbol;Acc:HGNC:5358],3.951770845833334,3.050729625,4.943746616666666,3.3696047,0.901041220833334,1.5741419166666661
P2RX5,17,3672199,3696404,0.03708629,ENSG00000083454,"purinergic receptor P2X, ligand-gated ion channel, 5 [Source:HGNC Symbol;Acc:HGNC:8536]",2.153465885833333,1.1811551112499998,3.5255278000000003,0.4723135633333333,0.9723107745833333,3.0532142366666672
P2RX1,17,3896592,3916500,0.010117314,ENSG00000108405,"purinergic receptor P2X, ligand-gated ion channel, 1 [Source:HGNC Symbol;Acc:HGNC:8533]",1.1281146170833332,-0.636845520375,1.9353547333333332,0.3956910666666667,1.764960137458333,1.5396636666666665
ACAP1,17,7336529,7351478,0.042410087,ENSG00000072818,"ArfGAP with coiled-coil, ankyrin repeat and PH domains 1 [Source:HGNC Symbol;Acc:HGNC:16467]",3.5389010916666663,2.4410585124999997,4.1832062500000005,2.342266066666667,1.0978425791666666,1.8409401833333336
HS3ST3B1,17,14301083,14349404,0.04339699,ENSG00000125430,heparan sulfate (glucosamine) 3-O- sulfotransferase 3B1 [Source:HGNC Symbol;Acc:HGNC:5198],-0.8988488075833333,-2.351862135,-0.11099171866666664,-1.428952716666667,1.453013327416667,1.3179609980000002
SLFN13,17,35435096,35448837,0.017030776,ENSG00000154760,schlafen family member 13 [Source:HGNC Symbol;Acc:HGNC:26481],3.465776584583334,2.2167318375,4.051974316666667,2.4961261,1.2490447470833344,1.5558482166666665
SLFN12L,17,35464249,35537861,0.019868372,ENSG00000205045,schlafen family member 12-like [Source:HGNC Symbol;Acc:HGNC:33920],3.4022783708333333,2.0318482625,4.495310533333334,2.0404191,1.3704301083333332,2.454891433333334
CCL5,17,35871491,35880793,0.017030776,ENSG00000271503,chemokine (C-C motif) ligand 5 [Source:HGNC Symbol;Acc:HGNC:10632],2.628309504166667,1.1970297,3.3104636,1.3684865000000002,1.4312798041666668,1.9419770999999997
CCL4,17,36103590,36105621,0.043839756,ENSG00000275302,chemokine (C-C motif) ligand 4 [Source:HGNC Symbol;Acc:HGNC:10630],3.0372231608333333,1.60960452875,4.480831083333333,1.4295605,1.4276186320833333,3.0512705833333333
IKZF3,17,39757721,39864188,0.021830576,ENSG00000161405,IKAROS family zinc finger 3 (Aiolos) [Source:HGNC Symbol;Acc:HGNC:13178],3.1296844858333337,1.544885964375,4.135841849999999,1.4308192333333334,1.5847985214583338,2.7050226166666658
CCR7,17,40553769,40565472,0.022805411,ENSG00000126353,chemokine (C-C motif) receptor 7 [Source:HGNC Symbol;Acc:HGNC:1608],1.491149087208333,0.48891881312499996,1.9201913333333334,0.7867577533333332,1.002230274083333,1.1334335800000002
SKAP1,17,48133440,48430275,0.016538082,ENSG00000141293,src kinase associated phosphoprotein 1 [Source:HGNC Symbol;Acc:HGNC:15605],2.3131551794000003,0.659385852875,3.1844376166666666,0.6933019196666667,1.6537693265250004,2.491135697
HOXB8,17,48611377,48614939,0.011660343,ENSG00000120068,homeobox B8 [Source:HGNC Symbol;Acc:HGNC:5119],-1.4130860733333332,-0.9459569118750001,-2.3449096516666663,-1.757933966666667,-0.46712916145833316,-0.5869756849999994
IGF2BP1,17,48997412,49055650,0.009955232,ENSG00000159217,insulin-like growth factor 2 mRNA binding protein 1 [Source:HGNC Symbol;Acc:HGNC:28866],-2.0578319083333336,-0.5065536500000002,-3.770232033333333,-0.8093243666666666,-1.5512782583333333,-2.9609076666666665
RNF43,17,58352500,58417595,0.04127799,ENSG00000108375,ring finger protein 43 [Source:HGNC Symbol;Acc:HGNC:18505],2.2118717825000003,1.015373181625,2.1617910666666664,1.8256806333333335,1.1964986008750003,0.3361104333333329
HID1,17,74950743,74973166,0.04521272,ENSG00000167861,HID1 domain containing [Source:HGNC Symbol;Acc:HGNC:15736],1.1359815924541665,0.001668816925000028,1.4481170666666667,0.21997176666666665,1.1343127755291664,1.2281453
ZNF519,18,14057457,14132490,0.0177772,ENSG00000175322,zinc finger protein 519 [Source:HGNC Symbol;Acc:HGNC:30574],3.0729742875000006,3.5513561375,3.0467263,3.0790052333333335,-0.47838184999999944,-0.03227893333333354
SLC14A1,18,45724127,45752520,0.01939078,ENSG00000141469,"solute carrier family 14 (urea transporter), member 1 (Kidd blood group) [Source:HGNC Symbol;Acc:HGNC:10918]",0.30489329708333335,-0.87964821125,1.3169139466666666,-0.21433396333333332,1.1845415083333335,1.5312479099999998
PSTPIP2,18,45983536,46072272,0.01621393,ENSG00000152229,proline-serine-threonine phosphatase interacting protein 2 [Source:HGNC Symbol;Acc:HGNC:9581],2.6358814333333336,1.44622717925,3.8114907333333328,2.5537283,1.1896542540833335,1.2577624333333328
CD226,18,69831158,69961803,0.009571429,ENSG00000150637,CD226 molecule [Source:HGNC Symbol;Acc:HGNC:16961],2.1835109720833334,0.8845620749999998,3.3535766833333334,2.1198729666666667,1.2989488970833336,1.2337037166666667
ARRDC5,19,4890437,4902867,0.019326305,ENSG00000205784,arrestin domain containing 5 [Source:HGNC Symbol;Acc:HGNC:31407],1.2319190625833334,-0.48453662875000003,2.5852130166666663,-1.4869625066666667,1.7164556913333335,4.072175523333333
FBN3,19,8065402,8149846,0.04007878,ENSG00000142449,fibrillin 3 [Source:HGNC Symbol;Acc:HGNC:18794],-2.592324469583334,-0.5685566375000001,-4.059726266666666,-3.2994309200000003,-2.023767832083334,-0.7602953466666658
MUC16,19,8848844,8981342,0.010876841,ENSG00000181143,"mucin 16, cell surface associated [Source:HGNC Symbol;Acc:HGNC:15582]",1.7632436668916665,-0.43646872000000003,2.6460265166666663,0.8170782333333335,2.1997123868916666,1.8289482833333328
HSH2D,19,16134028,16158575,0.020241907,ENSG00000196684,hematopoietic SH2 domain containing [Source:HGNC Symbol;Acc:HGNC:24920],1.4018387252083333,-0.13497823125000008,2.21681895,-0.34147699333333326,1.5368169564583334,2.5582959433333334
IL12RB1,19,18058995,18098944,0.040258072,ENSG00000096996,"interleukin 12 receptor, beta 1 [Source:HGNC Symbol;Acc:HGNC:5971]",2.47661981,0.788434775,4.00881535,2.2170392333333333,1.6881850349999998,1.7917761166666666
KCNK6,19,38319844,38329020,0.041123167,ENSG00000099337,"potassium channel, subfamily K, member 6 [Source:HGNC Symbol;Acc:HGNC:6281]",0.49624465895833336,-0.33716106625000003,0.9033696833333332,0.7853744666666668,0.8334057252083333,0.11799521666666646
CD79A,19,41877120,41881372,0.028009662,ENSG00000105369,"CD79a molecule, immunoglobulin-associated alpha [Source:HGNC Symbol;Acc:HGNC:1698]",1.5074965583333333,-0.05690869750000005,2.924492433333333,-1.6406203333333333,1.5644052558333335,4.565112766666666
ATP1A3,19,41966582,41997497,0.037826963,ENSG00000105409,"ATPase, Na+/K+ transporting, alpha 3 polypeptide [Source:HGNC Symbol;Acc:HGNC:801]",0.8318164877499998,-0.7790552374999999,2.5917114666666667,3.0647002456666663,1.6108717252499998,-0.4729887789999996
PLA2G4C,19,48047843,48110817,0.04818407,ENSG00000105499,"phospholipase A2, group IVC (cytosolic, calcium-independent) [Source:HGNC Symbol;Acc:HGNC:9037]",3.238908066666667,2.1213633250000004,3.3583232833333327,3.4204417333333335,1.1175447416666668,-0.06211845000000071
TEAD2,19,49340595,49362457,0.034498688,ENSG00000074219,TEA domain family member 2 [Source:HGNC Symbol;Acc:HGNC:11715],3.5866478416666663,3.9239983875,3.387424866666666,3.6640094666666663,-0.3373505458333339,-0.27658460000000007
SIGLEC6,19,51519525,51531856,0.028646478,ENSG00000105492,sialic acid binding Ig-like lectin 6 [Source:HGNC Symbol;Acc:HGNC:10875],-1.1642463183333336,-2.6195316375,-0.6252318483333332,-1.0303126500000002,1.4552853191666666,0.40508080166666693
NCR1,19,54906150,54916140,0.019868372,ENSG00000189430,natural cytotoxicity triggering receptor 1 [Source:HGNC Symbol;Acc:HGNC:6731],-0.3986116675,-2.5105446975,1.1285905950000001,-1.7204423333333334,2.11193303,2.8490329283333335
SIRPG,20,1629152,1657779,0.029076321,ENSG00000089012,signal-regulatory protein gamma [Source:HGNC Symbol;Acc:HGNC:15757],1.5018002851666665,-0.3191329387500001,3.5386061166666667,0.2508901266666667,1.8209332239166667,3.28771599
RASSF2,20,4780023,4823645,0.005586884,ENSG00000101265,Ras association (RalGDS/AF-6) domain family member 2 [Source:HGNC Symbol;Acc:HGNC:9883],3.571830920833334,2.4285319075,4.0620356,3.3733665666666663,1.1432990133333338,0.6886690333333334
SNRPB2,20,16729961,16742563,0.03927083,ENSG00000125870,small nuclear ribonucleoprotein polypeptide B [Source:HGNC Symbol;Acc:HGNC:11155],3.802794841666666,4.060264087499999,3.5940656833333335,3.7208245000000004,-0.2574692458333332,-0.12675881666666688
ZBP1,20,57603846,57620576,0.032578208,ENSG00000124256,Z-DNA binding protein 1 [Source:HGNC Symbol;Acc:HGNC:16176],1.898332898416667,0.25176369500000007,3.0766269499999996,-0.17249027333333333,1.646569203416667,3.249117223333333
GNAS-AS1,20,58818919,58850903,0.035290167,ENSG00000235590,GNAS antisense RNA 1 [Source:HGNC Symbol;Acc:HGNC:24872],0.7699849550000001,1.5857877925000001,0.21079736233333335,-0.23315626999999997,-0.8158028375,0.4439536323333333
ZNF831,20,59191020,59259113,0.038901348,ENSG00000124203,zinc finger protein 831 [Source:HGNC Symbol;Acc:HGNC:16167],1.842235890416667,0.4240568975,3.4761279666666667,0.33256771333333335,1.4181789929166668,3.1435602533333333
COL20A1,20,63293186,63334851,0.0011223995,ENSG00000101203,"collagen, type XX, alpha 1 [Source:HGNC Symbol;Acc:HGNC:14670]",-1.8949735324999997,0.44904233749999994,-3.4973269499999997,-1.7085677333333333,-2.34401587,-1.7887592166666664
SAMSN1,21,14485228,14583402,0.043839756,ENSG00000155307,"SAM domain, SH3 domain and nuclear localization signals 1 [Source:HGNC Symbol;Acc:HGNC:10528]",3.4675049166666665,2.550438025,4.3451884666666665,2.8461811333333333,0.9170668916666664,1.4990073333333331
UBASH3A,21,42403899,42447681,0.019995581,ENSG00000160185,ubiquitin associated and SH3 domain containing A [Source:HGNC Symbol;Acc:HGNC:12462],1.6262747527249999,-0.04373739749999994,3.1883443833333334,0.3733196833333334,1.6700121502249998,2.8150247
APOL3,22,36140330,36166177,0.013722324,ENSG00000128284,"apolipoprotein L, 3 [Source:HGNC Symbol;Acc:HGNC:14868]",3.785472795833332,2.443067475,4.243434,3.086392,1.3424053208333322,1.1570419999999997
APOL4,22,36189124,36204840,0.021171741,ENSG00000100336,"apolipoprotein L, 4 [Source:HGNC Symbol;Acc:HGNC:14867]",2.7018980945833335,0.95685081625,3.953375549999999,2.6908862333333334,1.7450472783333335,1.2624893166666658
APOL1,22,36253010,36267530,0.046555344,ENSG00000100342,"apolipoprotein L, 1 [Source:HGNC Symbol;Acc:HGNC:618]",3.4242262041666667,2.245353525,3.8635602666666666,2.890443533333333,1.1788726791666666,0.9731167333333337
RAC2,22,37225261,37244448,0.048713967,ENSG00000128340,"ras-related C3 botulinum toxin substrate 2 (rho family, small GTP binding protein Rac2) [Source:HGNC Symbol;Acc:HGNC:9802]",3.208558091666667,2.1840365125,4.0723355,2.703567,1.024521579166667,1.3687685000000003
APOBEC3H,22,39097224,39104067,0.035094053,ENSG00000100298,"apolipoprotein B mRNA editing enzyme, catalytic polypeptide-like 3H [Source:HGNC Symbol;Acc:HGNC:24100]",-0.36725305583333334,-2.2665474425,1.0755946933333334,-1.9154298666666667,1.8992943866666665,2.99102456
PHF21B,22,44881162,45009999,0.018378757,ENSG00000056487,PHD finger protein 21B [Source:HGNC Symbol;Acc:HGNC:25161],-3.037475120833333,-1.1025994625,-3.7702320166666663,-1.0537757,-1.9348756583333329,-2.716456316666666
TLR8,X,12906620,12923169,0.013039684,ENSG00000101916,toll-like receptor 8 [Source:HGNC Symbol;Acc:HGNC:15632],2.667832754166666,1.20429214,3.726929,2.1012107666666666,1.4635406141666663,1.6257182333333335
TSPAN7,X,38561370,38688920,0.0266146,ENSG00000156298,tetraspanin 7 [Source:HGNC Symbol;Acc:HGNC:11854],2.974217795833333,1.43979223125,2.8823786666666664,2.9699487333333336,1.534425564583333,-0.08757006666666722
IL2RG,X,71107404,71112108,0.008232851,ENSG00000147168,"interleukin 2 receptor, gamma [Source:HGNC Symbol;Acc:HGNC:6010]",3.517808191666667,2.0802805875,4.531035683333333,2.4675626000000004,1.4375276041666671,2.063473083333333
NAP1L2,X,73212299,73214848,0.014562905,ENSG00000186462,nucleosome assembly protein 1-like 2 [Source:HGNC Symbol;Acc:HGNC:7638],-0.49706053560833335,-2.0545482125,0.7194734226666668,-0.32566753333333337,1.5574876768916666,1.0451409560000002
P2RY10,X,78945332,78961954,0.021820616,ENSG00000078589,"purinergic receptor P2Y, G-protein coupled, 10 [Source:HGNC Symbol;Acc:HGNC:19906]",1.213031145,-0.352071202,2.28235465,0.051413946666666675,1.565102347,2.2309407033333333
PCDH11X,X,91779261,92623230,0.049897857,ENSG00000102290,protocadherin 11 X-linked [Source:HGNC Symbol;Acc:HGNC:8656],-0.7953621701666664,0.3739170125,0.18721643666666665,-0.7846574000000001,-1.1692791826666664,0.9718738366666667
SH2D1A,X,124346344,124373155,0.018891959,ENSG00000183918,SH2 domain containing 1A [Source:HGNC Symbol;Acc:HGNC:10820],1.0407843812500002,-0.7110068624999999,2.9490919833333336,-0.66677841,1.75179124375,3.6158703933333336
MTM1,X,150568619,150673322,0.028115341,ENSG00000171100,myotubularin 1 [Source:HGNC Symbol;Acc:HGNC:7448],4.0243498791666665,3.3728452125,4.407690783333334,3.9441824666666663,0.6515046666666664,0.4635083166666676
