Gene,Chromosome,Start,End,adj. p value,ID,Cluster,Description,Pre-Responders (n=22),Pre-Nonresponders (n=19),EDT-Responders (n=5),EDT-Nonresponders (n=4),log2 fold-change (PRE-R vs PRE-NR),log2 fold-change (EDT-R vs EDT-NR)
ADAR,1,154582062,154627999,0.029714726,ENSG00000160710,I,"adenosine deaminase, RNA-specific [Source:HGNC Symbol;Acc:HGNC:225]",6.8755775909090895,6.64698285263158,6.84827066,6.608871,0.22859473827750953,0.23939966000000013
AIM2,1,159062484,159147096,0.00856773,ENSG00000163568,I,absent in melanoma 2 [Source:HGNC Symbol;Acc:HGNC:357],2.789742888636364,1.3339974608421055,2.9552931,1.66890085,1.4557454277942585,1.28639225
C1orf74,1,209779208,209784559,0.04945134,ENSG00000162757,I,chromosome 1 open reading frame 74 [Source:HGNC Symbol;Acc:HGNC:26319],2.5317606863636364,2.2567794315789476,2.95054612,2.287624475,0.2749812547846888,0.662921645
CD2,1,116754385,116769228,0.013534732,ENSG00000116824,I,CD2 molecule [Source:HGNC Symbol;Acc:HGNC:1639],3.0480036272727262,2.1528971031052633,3.9416167599999996,2.963821725,0.895106524167463,0.9777950349999998
CD244,1,160830160,160862855,0.00232116,ENSG00000122223,I,"CD244 molecule, natural killer cell receptor 2B4 [Source:HGNC Symbol;Acc:HGNC:18171]",0.49888040227272745,-0.4968433063157896,1.9755501679999998,-0.47050804999999996,0.9957237085885171,2.4460582179999997
CD247,1,167430640,167518610,0.009565563,ENSG00000198821,I,CD247 molecule [Source:HGNC Symbol;Acc:HGNC:1677],2.363196698181818,1.3422756431578946,3.11248626,1.6850836075,1.0209210550239234,1.4274026524999999
CD48,1,160678746,160711851,0.002268922,ENSG00000117091,I,CD48 molecule [Source:HGNC Symbol;Acc:HGNC:1683],2.886376222727273,2.4143545526315786,3.4818327600000005,3.170915325,0.4720216700956943,0.31091743500000035
DUSP27,1,167094045,167129165,0.021509573,ENSG00000198842,II,dual specificity phosphatase 27 (putative) [Source:HGNC Symbol;Acc:HGNC:25034],-2.48721894090909,-2.9199300505263164,-4.05100322,-3.0546502600000003,0.43271110961722625,-0.9963529599999998
FAIM3,1,206904386,206923247,0.03642223,ENSG00000162894,I,Fas apoptotic inhibitory molecule 3 [Source:HGNC Symbol;Acc:HGNC:14315],2.702443281363637,1.416353422105263,2.9856829013999997,1.7415417,1.286089859258374,1.2441412013999997
FBXO6,1,11664124,11674354,0.028013207,ENSG00000116663,I,F-box protein 6 [Source:HGNC Symbol;Acc:HGNC:13585],2.3294082436363635,1.4854614815789475,2.6461701599999996,1.8455337625,0.8439467620574159,0.8006363974999997
FCRL6,1,159800511,159816251,0.00084156,ENSG00000181036,I,Fc receptor-like 6 [Source:HGNC Symbol;Acc:HGNC:31910],0.6261009438181819,-0.744946286,1.5445437439999998,-1.063605005,1.371047229818182,2.6081487489999997
GBP1,1,89052319,89065360,0.001592662,ENSG00000117228,I,"guanylate binding protein 1, interferon- inducible [Source:HGNC Symbol;Acc:HGNC:4182]",5.5025079727272725,4.713675742105264,6.1469920600000005,5.090769625,0.7888322306220088,1.0562224350000005
GBP4,1,89181148,89198932,0.002137303,ENSG00000162654,I,guanylate binding protein 4 [Source:HGNC Symbol;Acc:HGNC:20480],4.453400781818181,3.5004976631578955,5.3260285199999995,4.250069925,0.9529031186602857,1.0759585949999995
GBP5,1,89258950,89272804,0.000517422,ENSG00000154451,I,guanylate binding protein 5 [Source:HGNC Symbol;Acc:HGNC:19895],4.562548184227271,3.454844305263158,5.76085582,4.41010105,1.1077038789641134,1.35075477
GFI1,1,92474762,92486876,0.005003118,ENSG00000162676,I,growth factor independent 1 transcription repressor [Source:HGNC Symbol;Acc:HGNC:4237],0.9905801735,-0.7541704407368423,1.8173238500000004,0.40278054750000003,1.7447506142368423,1.4145433025000003
GRIK3,1,36795527,37034129,0.04335121,ENSG00000163873,II,"glutamate receptor, ionotropic, kainate 3 [Source:HGNC Symbol;Acc:HGNC:4581]",-1.1651737327272729,0.15173418789473678,-2.29541574,2.24383225,-1.3169079206220096,-4.53924799
IFI44L,1,78619922,78646145,0.002588749,ENSG00000137959,I,interferon-induced protein 44-like [Source:HGNC Symbol;Acc:HGNC:17817],4.251657909090909,3.45299272631579,5.00775868,4.5118724750000005,0.7986651827751192,0.4958862049999997
KCNA3,1,110672465,110675033,0.021678133,ENSG00000259834,I,"potassium voltage-gated channel, shaker- related subfamily, member 3 [Source:EntrezGene;Acc:3738]",1.7220033242727277,0.43765191578947366,1.6647934199999999,1.141353975,1.2843514084832541,0.523439445
LAX1,1,203765176,203776233,0.028447589,ENSG00000122188,I,lymphocyte transmembrane adaptor 1 [Source:HGNC Symbol;Acc:HGNC:26005],1.6154796643181824,0.5415416733157896,2.18887812,1.1942328,1.0739379910023927,0.99464532
LCK,1,32251239,32286165,0.004734123,ENSG00000182866,I,"LCK proto-oncogene, Src family tyrosine kinase [Source:HGNC Symbol;Acc:HGNC:6524]",2.1081653768181816,0.8143848642105262,2.7004027400000004,1.889022035,1.2937805126076554,0.8113807050000004
LY9,1,160796074,160828261,0.011209996,ENSG00000122224,I,lymphocyte antigen 9 [Source:HGNC Symbol;Acc:HGNC:6730],1.3985094149999997,0.20952069210526317,2.4298422,0.67652874,1.1889887228947364,1.75331346
PIK3CD,1,9651732,9729114,0.014707416,ENSG00000171608,I,"phosphatidylinositol-4,5-bisphosphate 3- kinase, catalytic subunit delta [Source:HGNC Symbol;Acc:HGNC:8977]",5.377461695454546,4.757638852631579,5.5533069600000005,4.799058075,0.6198228428229671,0.7542488850000009
PIK3CD-AS1,1,9652610,9654586,0.004734123,ENSG00000179840,I,PIK3CD antisense RNA 1 [Source:HGNC Symbol;Acc:HGNC:32346],1.0686733606363639,0.23578405826315796,1.5169734799999999,0.03522949749999996,0.8328893023732059,1.4817439824999998
PLA2G2D,1,20111939,20119566,0.003495358,ENSG00000117215,I,"phospholipase A2, group IID [Source:HGNC Symbol;Acc:HGNC:9033]",-0.3616086454545455,-2.316667322631579,0.733122172,-1.03601921375,1.9550586771770335,1.7691413857499998
PTPN22,1,113813811,113871759,0.026710724,ENSG00000134242,I,"protein tyrosine phosphatase, non-receptor type 22 (lymphoid) [Source:HGNC Symbol;Acc:HGNC:9652]",4.1361313909090915,3.3949979789473685,4.80611446,3.839801325,0.741133411961723,0.966313135
PTPRC,1,198638671,198757283,0.038385347,ENSG00000081237,I,"protein tyrosine phosphatase, receptor type, C [Source:HGNC Symbol;Acc:HGNC:9666]",6.600427513636363,6.119961984210526,6.9662757,6.282342549999999,0.4804655294258362,0.6839331500000005
PYHIN1,1,158930796,158977054,0.002623879,ENSG00000163564,I,"pyrin and HIN domain family, member 1 [Source:HGNC Symbol;Acc:HGNC:28894]",2.8671204327272726,1.4643937724736844,4.006403140000001,2.3884352250000003,1.4027266602535882,1.6179679150000004
RFX5,1,151340640,151347357,0.005584112,ENSG00000143390,I,"regulatory factor X, 5 (influences HLA class II expression) [Source:HGNC Symbol;Acc:HGNC:9986]",4.867351913636364,4.5833113473684195,4.9923771,4.663185875,0.2840405662679446,0.32919122499999975
SELL,1,169690667,169711698,0.040267944,ENSG00000188404,I,selectin L [Source:HGNC Symbol;Acc:HGNC:10720],2.645023618181818,1.713655508421053,3.05177869,2.624610825,0.9313681097607649,0.4271678649999999
SLAMF1,1,160608100,160647295,0.03925606,ENSG00000117090,I,signaling lymphocytic activation molecule family member 1 [Source:HGNC Symbol;Acc:HGNC:10903],1.923795139090909,1.1854307286842107,2.5706182479999997,1.367090475,0.7383644104066982,1.2035277729999998
SLAMF6,1,160485030,160523262,0.021678133,ENSG00000162739,I,SLAM family member 6 [Source:HGNC Symbol;Acc:HGNC:21392],1.8484264672727277,0.8537927436842108,2.9605968940000005,1.795338175,0.994633723588517,1.1652587190000006
SLAMF7,1,160739057,160754821,0.000556509,ENSG00000026751,I,SLAM family member 7 [Source:HGNC Symbol;Acc:HGNC:21394],3.299394107272728,1.9829207368421053,4.33614082,2.458053365,1.3164733704306226,1.8780874549999997
TNFRSF9,1,7915894,7943165,0.023290569,ENSG00000049249,I,"tumor necrosis factor receptor superfamily, member 9 [Source:HGNC Symbol;Acc:HGNC:11924]",1.1044553756818183,-0.7440201259999998,2.2804588014,0.41829574999999997,1.848475501681818,1.8621630514
TRAF3IP3,1,209756032,209782320,0.013534732,ENSG00000009790,I,TRAF3 interacting protein 3 [Source:HGNC Symbol;Acc:HGNC:30766],3.2705707931818178,2.5930303284210527,4.02931932,2.6322377,0.677540464760765,1.3970816199999998
ZDHHC18,1,26826710,26857602,0.048475355,ENSG00000204160,I,"zinc finger, DHHC-type containing 18 [Source:HGNC Symbol;Acc:HGNC:20712]",3.313726622727273,2.9653116210526314,3.3492708799999997,3.2247937500000003,0.34841500167464146,0.12447712999999938
ZNF683,1,26361634,26374522,0.043477718,ENSG00000176083,I,zinc finger protein 683 [Source:HGNC Symbol;Acc:HGNC:28495],-0.8353149686363637,-2.1442125442105264,-0.10757329999999996,-0.7659455825000001,1.3088975755741628,0.6583722825000001
ACOXL,2,110732573,111118222,0.036616452,ENSG00000153093,I,acyl-CoA oxidase-like [Source:HGNC Symbol;Acc:HGNC:25621],-0.8258959597272727,-2.0261437399999997,-1.0563411999999999,-2.2621689,1.200247780272727,1.2058277
CD8A,2,86784610,86808396,0.000129588,ENSG00000153563,I,CD8a molecule [Source:HGNC Symbol;Acc:HGNC:1706],3.7496045181818185,2.4477878805263162,4.85752776,3.2901957250000002,1.3018166376555023,1.5673320349999997
CD8B,2,86815339,86861924,0.000447028,ENSG00000172116,I,CD8b molecule [Source:HGNC Symbol;Acc:HGNC:1707],0.36394392909090906,-1.7091981710526314,1.7722227199999998,-0.09599475750000003,2.0731421001435404,1.8682174774999998
CMPK2,2,6840570,6866635,0.03642223,ENSG00000134326,I,"cytidine monophosphate (UMP-CMP) kinase 2, mitochondrial [Source:HGNC Symbol;Acc:HGNC:27015]",1.8745275786363635,1.0653923768421052,2.14567476,2.2562290750000003,0.8091352017942584,-0.11055431500000035
DOCK10,2,224765090,225042445,0.0391257,ENSG00000135905,I,dedicator of cytokinesis 10 [Source:HGNC Symbol;Acc:HGNC:23479],6.854204045454546,6.607225563157895,6.95314542,6.576940825,0.24697848229665098,0.3762045949999999
DUSP2,2,96143166,96145440,0.041866243,ENSG00000158050,I,dual specificity phosphatase 2 [Source:HGNC Symbol;Acc:HGNC:3068],-0.2862430953181818,-1.384691124736842,-0.052551879999999995,0.11190584749999999,1.0984480294186603,-0.16445772749999998
ICOS,2,203936748,203961577,0.021786593,ENSG00000163600,I,inducible T-cell co-stimulator [Source:HGNC Symbol;Acc:HGNC:5351],1.3571263977272727,0.15871461947368418,2.4938536840000003,1.10951998,1.1984117782535886,1.3843337040000003
IFIH1,2,162267079,162318703,0.002137303,ENSG00000115267,I,interferon induced with helicase C domain 1 [Source:HGNC Symbol;Acc:HGNC:18873],5.09409796818182,4.414803231578949,5.3437095,4.918887125,0.6792947366028708,0.42482237499999975
IGFBP2,2,216632828,216664436,0.011291626,ENSG00000115457,II,"insulin-like growth factor binding protein 2, 36kDa [Source:HGNC Symbol;Acc:HGNC:5471]",1.697839875909091,2.1771911347368422,1.4585408699999998,2.7285131750000002,-0.4793512588277513,-1.2699723050000005
IL18RAP,2,102418689,102452565,0.014890922,ENSG00000115607,I,interleukin 18 receptor accessory protein [Source:HGNC Symbol;Acc:HGNC:5989],0.6565495281818184,-0.6657761542105263,1.6294120000000003,0.8913295849999999,1.3223256823923446,0.7380824150000004
NMI,2,151270465,151290057,0.002633016,ENSG00000123609,I,N-myc (and STAT) interactor [Source:HGNC Symbol;Acc:HGNC:7854],3.664775031818182,3.135806684210526,3.86390284,3.4746595499999997,0.5289683476076559,0.38924329000000046
OTOF,2,26457203,26558698,0.00084156,ENSG00000115155,I,otoferlin [Source:HGNC Symbol;Acc:HGNC:8515],-0.2041807908181818,-1.4715976565789475,-0.17009139399999995,-0.82918199,1.2674168657607656,0.6590905960000001
PDCD1,2,241849881,241858908,0.000966043,ENSG00000188389,I,programmed cell death 1 [Source:HGNC Symbol;Acc:HGNC:8760],0.055813587272727186,-1.5125583910526312,1.4006019799999998,-0.24870001249999998,1.5683719783253585,1.6493019924999999
SP100,2,230415942,230544090,0.028447589,ENSG00000067066,I,SP100 nuclear antigen [Source:HGNC Symbol;Acc:HGNC:11206],6.020707109090908,5.691689794736842,6.31833338,5.69128185,0.3290173143540658,0.6270515300000001
SP110,2,230167293,230225729,0.002633016,ENSG00000135899,I,SP110 nuclear body protein [Source:HGNC Symbol;Acc:HGNC:5401],5.538772045454547,5.15584187368421,5.7607873000000005,5.172161125000001,0.3829301717703366,0.5886261749999999
SP140,2,230203110,230313215,0.010755902,ENSG00000079263,I,SP140 nuclear body protein [Source:HGNC Symbol;Acc:HGNC:17133],3.9168160854545446,3.0119966684210526,4.4565176399999995,3.1681393,0.904819417033492,1.2883783399999995
STAT1,2,190964358,191020960,0.000598233,ENSG00000115415,I,"signal transducer and activator of transcription 1, 91kDa [Source:HGNC Symbol;Acc:HGNC:11362]",6.821145404545454,6.299007142105262,7.157413719999999,6.45521515,0.5221382624401913,0.7021985699999993
STAT4,2,191029576,191151596,0.00856773,ENSG00000138378,I,signal transducer and activator of transcription 4 [Source:HGNC Symbol;Acc:HGNC:11365],3.399153163636363,2.6770387210526314,3.9435648800000003,3.6518559500000003,0.7221144425837318,0.29170893
ZAP70,2,97713560,97739862,0.01404819,ENSG00000115085,I,zeta-chain (TCR) associated protein kinase 70kDa [Source:HGNC Symbol;Acc:HGNC:12858],2.4329328454545447,1.290954042105263,3.1870268200000003,1.730404775,1.1419788033492817,1.4566220450000003
AADAC,3,151814037,151828488,0.015036653,ENSG00000114771,II,arylacetamide deacetylase [Source:HGNC Symbol;Acc:HGNC:17],-2.7032959043636358,-1.4513689991578949,-2.02976332,-2.4351384,-1.251926905205741,0.4053750800000002
BFSP2,3,133399995,133475222,0.001318652,ENSG00000170819,I,"beaded filament structural protein 2, phakinin [Source:HGNC Symbol;Acc:HGNC:1041]",-1.178249659090909,-2.4348673421052633,-1.042245784,-2.176006875,1.2566176830143543,1.1337610910000002
CCR5,3,46370854,46376206,0.039642908,ENSG00000160791,I,chemokine (C-C motif) receptor 5 (gene/pseudogene) [Source:HGNC Symbol;Acc:HGNC:1606],1.9210636113636363,1.1986497050526317,2.9247407799999996,2.045191925,0.7224139063110047,0.8795488549999995
CMTM8,3,32238679,32370325,0.015053084,ENSG00000170293,II,CKLF-like MARVEL transmembrane domain containing 8 [Source:HGNC Symbol;Acc:HGNC:19179],0.08807716136363636,0.6700607615789473,-0.19257153,1.520471195,-0.5819836002153109,-1.713042725
GP5,3,194394821,194398354,0.02621758,ENSG00000178732,I,glycoprotein V (platelet) [Source:HGNC Symbol;Acc:HGNC:4443],-2.8787491159090903,-3.559211957894737,-2.59474598,-2.81481065,0.6804628419856469,0.22006467000000018
GPR171,3,151197832,151203201,0.006275232,ENSG00000174946,I,G protein-coupled receptor 171 [Source:HGNC Symbol;Acc:HGNC:30057],1.8872413324545454,1.1246317647368422,2.6968694799999997,1.744613875,0.7626095677177032,0.9522556049999997
KLHL6,3,183487531,183555689,0.037172817,ENSG00000172578,I,kelch-like family member 6 [Source:HGNC Symbol;Acc:HGNC:18653],2.708431215909091,2.0632769752631575,2.9863976800000005,2.3635289375,0.6451542406459336,0.6228687425000006
MAGI1,3,65353525,66038834,0.002633016,ENSG00000151276,II,"membrane associated guanylate kinase, WW and PDZ domain containing 1 [Source:HGNC Symbol;Acc:HGNC:946]",3.9349209545454555,4.478791747368422,3.8863820600000003,3.7993742,-0.543870792822966,0.08700786000000038
PARP14,3,122680618,122730840,0.00545411,ENSG00000173193,I,"poly (ADP-ribose) polymerase family, member 14 [Source:HGNC Symbol;Acc:HGNC:29232]",7.198776081818182,6.7493139000000015,7.44600234,7.0297788500000005,0.44946218181818054,0.41622348999999925
SIDT1,3,113532296,113629578,0.00856773,ENSG00000072858,I,"SID1 transmembrane family, member 1 [Source:HGNC Symbol;Acc:HGNC:25967]",1.9765638431818184,0.8172850746315791,2.609973004,1.5367679650000001,1.1592787685502395,1.0732050389999999
TIGIT,3,114276913,114310288,0.000829979,ENSG00000181847,I,T cell immunoreceptor with Ig and ITIM domains [Source:HGNC Symbol;Acc:HGNC:26838],0.5218527812727273,-0.8258064052631578,1.62723394,0.1872822649999999,1.3476591865358851,1.439951675
TRAT1,3,108822698,108855005,0.030524341,ENSG00000163519,I,T cell receptor associated transmembrane adaptor 1 [Source:HGNC Symbol;Acc:HGNC:30698],0.9104633354545455,-0.2318313905263158,1.8520751,0.15057195,1.1422947259808613,1.70150315
XIRP1,3,39183210,39192596,0.036271602,ENSG00000168334,I,xin actin-binding repeat containing 1 [Source:HGNC Symbol;Acc:HGNC:14301],0.44031381336363623,-2.4895712415789473,0.8387996800000002,-0.8888242250000001,2.9298850549425834,1.7276239050000002
XRN1,3,142306607,142448062,0.03646286,ENSG00000114127,I,5'-3' exoribonuclease 1 [Source:HGNC Symbol;Acc:HGNC:30654],6.6243483272727275,6.39498252631579,6.7803746999999985,6.424152125000001,0.2293658009569377,0.35622257499999765
ANXA10,4,168092515,168187690,0.01691906,ENSG00000109511,I,annexin A10 [Source:HGNC Symbol;Acc:HGNC:534],-0.5340536386363636,-1.5532226789473682,-0.12378063200000003,-0.15320309125,1.0191690403110045,0.029422459249999977
C4orf50,4,5897591,5989818,0.024995925,ENSG00000181215,I,chromosome 4 open reading frame 50 [Source:HGNC Symbol;Acc:HGNC:33766],-1.6198563295454547,-3.0870859621052635,-0.561541218,-2.8982491,1.4672296325598089,2.3367078820000002
CD38,4,15778275,15853230,0.001319769,ENSG00000004468,I,CD38 molecule [Source:HGNC Symbol;Acc:HGNC:1667],2.4889591590909084,1.175707452631579,3.4250284400000006,2.257928475,1.3132517064593294,1.1670999650000007
CXCL10,4,76021117,76023497,0.001075648,ENSG00000169245,I,chemokine (C-X-C motif) ligand 10 [Source:HGNC Symbol;Acc:HGNC:10637],2.6907252995454547,1.357245157368421,3.66412088,2.7852226250000003,1.3334801421770337,0.8788982549999997
CXCL11,4,76033682,76041415,0.006851462,ENSG00000169248,I,chemokine (C-X-C motif) ligand 11 [Source:HGNC Symbol;Acc:HGNC:10638],0.24371325409090908,-1.7540508194736841,1.9752139240000002,0.6358869625,1.9977640735645932,1.3393269615000003
CXCL13,4,77511753,77611834,0.000829979,ENSG00000156234,I,chemokine (C-X-C motif) ligand 13 [Source:HGNC Symbol;Acc:HGNC:10639],1.5478620686363642,-0.4678074557894737,2.3208279640000002,0.02733831850000007,2.015669524425838,2.2934896455000002
CXCL9,4,76001275,76007488,0.000556509,ENSG00000138755,I,chemokine (C-X-C motif) ligand 9 [Source:HGNC Symbol;Acc:HGNC:7098],2.7832853181818185,1.4421505905263157,4.15920666,2.924977625,1.3411347276555028,1.2342290349999998
DDX60,4,168216293,168318807,0.000702704,ENSG00000137628,I,DEAD (Asp-Glu-Ala-Asp) box polypeptide 60 [Source:HGNC Symbol;Acc:HGNC:25942],5.740450259090909,5.180011715789474,6.16562046,5.7545091,0.5604385433014345,0.4111113600000005
DSPP,4,87608529,87616910,0.028665794,ENSG00000152591,II,dentin sialophosphoprotein [Source:HGNC Symbol;Acc:HGNC:3054],1.043212123181818,1.5205325322105268,-0.32962971,1.399927425,-0.47732040902870865,-1.729557135
DTHD1,4,36281622,36345756,0.000129588,ENSG00000197057,I,death domain containing 1 [Source:HGNC Symbol;Acc:HGNC:37261],2.059406761363636,0.10916746894736838,3.3693670339999997,0.81487531,1.950239292416268,2.5544917239999996
GABRA2,4,46248427,46475230,0.000772093,ENSG00000151834,II,"gamma-aminobutyric acid (GABA) A receptor, alpha 2 [Source:HGNC Symbol;Acc:HGNC:4076]",-2.2299127959545455,-0.47532961421052633,-3.251003188,0.5943084735000002,-1.7545831817440192,-3.8453116615000003
GRIA2,4,157204182,157366075,0.006212968,ENSG00000120251,II,"glutamate receptor, ionotropic, AMPA 2 [Source:HGNC Symbol;Acc:HGNC:4572]",-1.152245067090909,1.44460781,-3.6510031599999997,0.23980859000000007,-2.596852877090909,-3.8908117499999997
HERC5,4,88457117,88506163,0.003036946,ENSG00000138646,I,HECT and RLD domain containing E3 ubiquitin protein ligase 5 [Source:HGNC Symbol;Acc:HGNC:24368],4.372083145454545,3.4278981842105263,4.42902142,3.9613545,0.944184961244019,0.46766691999999965
HERC6,4,88378739,88443111,0.000287134,ENSG00000138642,I,HECT and RLD domain containing E3 ubiquitin protein ligase family member 6 [Source:HGNC Symbol;Acc:HGNC:26072],4.2886545636363635,3.678188315789474,4.6672150199999995,4.4210674249999995,0.6104662478468894,0.24614759500000005
JAKMIP1,4,6026199,6200591,0.002888696,ENSG00000152969,I,janus kinase and microtubule interacting protein 1 [Source:HGNC Symbol;Acc:HGNC:26460],0.6902494427272727,-0.8449356615789474,1.8211313400000002,-0.31850267500000007,1.5351851043062201,2.1396340150000004
LAP3,4,17577192,17607972,0.000702704,ENSG00000002549,I,leucine aminopeptidase 3 [Source:HGNC Symbol;Acc:HGNC:18449],5.256641799999999,4.806977484210527,5.55799538,4.999002475,0.4496643157894722,0.5589929050000002
NDST3,4,118033618,118258648,0.023579603,ENSG00000164100,II,N-deacetylase/N-sulfotransferase (heparan glucosaminyl) 3 [Source:HGNC Symbol;Acc:HGNC:7682],-1.0187638519545454,0.25673967068421055,-1.3643453560000003,-0.337597575,-1.2755035226387559,-1.0267477810000003
RNF212,4,1056250,1113562,0.00856773,ENSG00000178222,II,ring finger protein 212 [Source:HGNC Symbol;Acc:HGNC:27729],-1.1899899536363636,-0.6390767052631577,0.193532266,-0.29294488500000004,-0.5509132483732059,0.48647715100000005
TLR3,4,186069152,186088069,0.029047871,ENSG00000164342,I,toll-like receptor 3 [Source:HGNC Symbol;Acc:HGNC:11849],3.4563271818181818,2.9441792547368424,3.81842142,3.8006926749999996,0.5121479270813394,0.017728745000000323
TNIP3,4,121131408,121227466,0.014031403,ENSG00000050730,I,TNFAIP3 interacting protein 3 [Source:HGNC Symbol;Acc:HGNC:19315],0.39123954227272734,-0.954567874736842,2.114729368,0.14843717250000002,1.3458074170095693,1.9662921955
C5orf56,5,132410636,132476044,0.038385347,ENSG00000197536,I,chromosome 5 open reading frame 56 [Source:HGNC Symbol;Acc:HGNC:33838],3.059157063636363,2.4930659126315793,3.42093056,2.573841475,0.5660911510047839,0.8470890849999999
EDIL3,5,83940554,84384793,0.047423907,ENSG00000164176,II,EGF-like repeats and discoidin I-like domains 3 [Source:HGNC Symbol;Acc:HGNC:3173],2.353976496818181,2.528591464210527,1.4579899586,3.02309395,-0.17461496739234583,-1.5651039913999998
FAM196B,5,169864264,169980740,0.036271602,ENSG00000204767,I,"family with sequence similarity 196, member B [Source:HGNC Symbol;Acc:HGNC:37271]",2.3182970759090913,1.6323206436842106,2.61078542,1.6238721,0.6859764322248807,0.98691332
GPR98,5,90529344,91164221,0.001701419,ENSG00000164199,II,G protein-coupled receptor 98 [Source:HGNC Symbol;Acc:HGNC:17416],2.219194537272727,3.3960162357894745,0.9591449136000001,3.740642125,-1.1768216985167474,-2.7814972113999996
GZMA,5,55102648,55110252,0.01733953,ENSG00000145649,I,"granzyme A (granzyme 1, cytotoxic T- lymphocyte-associated serine esterase 3) [Source:HGNC Symbol;Acc:HGNC:4708]",1.495651317272727,0.22003070463157884,2.61214067,1.616386365,1.2756206126411482,0.995754305
GZMK,5,55024253,55034570,0.024995925,ENSG00000113088,I,granzyme K (granzyme 3; tryptase II) [Source:HGNC Symbol;Acc:HGNC:4711],1.045390904545455,-0.21379661631578942,2.0807946999999998,0.84817195,1.2591875208612444,1.2326227499999998
IRF1,5,132481609,132490798,0.00084156,ENSG00000125347,I,interferon regulatory factor 1 [Source:HGNC Symbol;Acc:HGNC:6116],4.594812618181819,3.703054410526316,5.22140336,4.21227055,0.8917582076555028,1.0091328099999997
ITK,5,157142933,157255191,0.028447589,ENSG00000113263,I,IL2-inducible T-cell kinase [Source:HGNC Symbol;Acc:HGNC:6171],3.37126464090909,2.431309567684211,4.3588837400000005,3.196199825,0.9399550732248789,1.1626839150000006
BTN2A1,6,26457904,26476621,0.024995925,ENSG00000112763,I,"butyrophilin, subfamily 2, member A1 [Source:HGNC Symbol;Acc:HGNC:1136]",5.061904709090909,4.768592542105265,5.185289879999999,4.773210525,0.2933121669856442,0.4120793549999995
BTN3A1,6,26402237,26415216,3.12332e-05,ENSG00000026950,I,"butyrophilin, subfamily 3, member A1 [Source:HGNC Symbol;Acc:HGNC:1138]",5.015560054545454,4.541715768421054,5.41662928,4.6369335,0.4738442861244003,0.7796957800000008
BTN3A2,6,26365159,26378320,0.003605759,ENSG00000186470,I,"butyrophilin, subfamily 3, member A2 [Source:HGNC Symbol;Acc:HGNC:1139]",5.180292336363634,4.809395442105262,5.43835062,4.850152025,0.37089689425837236,0.5881985949999997
BTN3A3,6,26440472,26453415,0.000521239,ENSG00000111801,I,"butyrophilin, subfamily 3, member A3 [Source:HGNC Symbol;Acc:HGNC:1140]",5.1153096363636354,4.614126605263158,5.47006706,4.603464475,0.501183031100477,0.8666025849999999
ENPP5,6,46159187,46170971,0.021717843,ENSG00000112796,II,ectonucleotide pyrophosphatase/phosphodiesterase 5 (putative) [Source:HGNC Symbol;Acc:HGNC:13717],-0.6711350974545452,0.3252222084210527,-0.5867996606,0.7534925525,-0.9963573058755979,-1.3402922131000001
FAM26F,6,116461370,116463779,0.024795558,ENSG00000188820,I,"family with sequence similarity 26, member F [Source:HGNC Symbol;Acc:HGNC:33391]",1.180491390318182,0.17314268499999996,2.4107121400000002,1.2103021425,1.007348705318182,1.2004099975000002
HLA-A,6,29941260,29945884,0.0008046,ENSG00000206503,I,"major histocompatibility complex, class I, A [Source:HGNC Symbol;Acc:HGNC:4931]",5.423119240909092,4.881794794736843,5.64473668,4.6736493,0.5413244461722488,0.9710873800000002
HLA-B,6,31353872,31357188,0.039805006,ENSG00000234745,I,"major histocompatibility complex, class I, B [Source:HGNC Symbol;Acc:HGNC:4932]",5.612443686363634,5.218895042105265,5.52036758,5.083951774999999,0.39354864425836933,0.4364158050000011
HLA-E,6,30489406,30494205,0.00856773,ENSG00000204592,I,"major histocompatibility complex, class I, E [Source:HGNC Symbol;Acc:HGNC:4962]",5.551189018181819,5.250091121052631,5.72222002,5.385640975,0.30109789712918733,0.3365790449999997
HLA-F,6,29722775,29738528,0.000447028,ENSG00000204642,I,"major histocompatibility complex, class I, F [Source:HGNC Symbol;Acc:HGNC:4963]",5.253117604545455,4.538059221052632,5.57885708,4.619747925,0.7150583834928232,0.9591091549999993
IPCEF1,6,154154496,154356792,0.003021516,ENSG00000074706,I,interaction protein for cytohesin exchange factors 1 [Source:HGNC Symbol;Acc:HGNC:21204],1.5446113501363639,0.6670949892631579,2.4552528014,1.291936375,0.877516360873206,1.1633164264
KPNA5,6,116681187,116741866,0.044677563,ENSG00000196911,I,karyopherin alpha 5 (importin alpha 6) [Source:HGNC Symbol;Acc:HGNC:6398],4.004296377272728,3.7417436684210523,4.0941918,3.78351065,0.2625527088516755,0.31068114999999974
NUP43,6,149724315,149749665,0.03810261,ENSG00000120253,I,nucleoporin 43kDa [Source:HGNC Symbol;Acc:HGNC:21182],3.978556922727273,3.836767863157895,3.9031040200000007,3.995483225,0.14178905956937804,-0.09237920499999941
OPRM1,6,154010496,154246867,0.014031403,ENSG00000112038,I,"opioid receptor, mu 1 [Source:HGNC Symbol;Acc:HGNC:8156]",-2.2038251704545453,-3.377316705263158,-1.4999597059999998,-2.9260069,1.1734915348086128,1.4260471940000001
PSMB8,6,32840717,32844703,0.003605759,ENSG00000204264,I,"proteasome (prosome, macropain) subunit, beta type, 8 [Source:HGNC Symbol;Acc:HGNC:9545]",4.511066477272727,4.063014721052632,4.69270772,4.1697905,0.44805175622009497,0.5229172199999992
PSMB8-AS1,6,32844086,32846495,0.00416,ENSG00000204261,I,PSMB8 antisense RNA 1 (head to head) [Source:HGNC Symbol;Acc:HGNC:39758],3.8435816363636373,3.1175731421052633,4.04991874,3.45959125,0.726008494258374,0.59032749
PSMB9,6,32844136,32859585,0.000292684,ENSG00000240065,I,"proteasome (prosome, macropain) subunit, beta type, 9 [Source:HGNC Symbol;Acc:HGNC:9546]",3.4016823418181814,2.5703169563157893,3.7829011199999996,3.1032277749999997,0.8313653855023921,0.6796733449999999
PTCRA,6,42915989,42925835,0.041866243,ENSG00000171611,I,pre T-cell antigen receptor alpha [Source:HGNC Symbol;Acc:HGNC:21290],-3.0225856813636365,-3.8565268842105254,-3.5644112799999994,-4.044489575,0.8339412028468889,0.48007829500000065
SAMD3,6,130144315,130365425,0.000865648,ENSG00000164483,I,sterile alpha motif domain containing 3 [Source:HGNC Symbol;Acc:HGNC:21574],2.137889121136364,0.7822131242105264,2.78400384,1.47072321,1.3556759969258376,1.31328063
TAGAP,6,159034468,159045152,0.014150194,ENSG00000164691,I,T-cell activation RhoGTPase activating protein [Source:HGNC Symbol;Acc:HGNC:15669],3.3076532995454553,2.61029490263158,3.3607140200000005,3.038365825,0.6973583969138755,0.32234819500000045
TAP1,6,32845209,32853978,3.12332e-05,ENSG00000168394,I,"transporter 1, ATP-binding cassette, sub- family B (MDR/TAP) [Source:HGNC Symbol;Acc:HGNC:43]",6.124327895454545,5.360196236842106,6.44724882,5.64961365,0.7641316586124391,0.7976351700000004
TAP2,6,32813767,32838822,0.011696368,ENSG00000250264,I,Uncharacterized protein {ECO:0000313|Ensembl:ENSP00000391806} [Source:UniProtKB/TrEMBL;Acc:E7ENX8],5.440679045454545,4.856201742105263,5.625912939999999,4.995886875,0.5844773033492823,0.6300260649999991
TAPBP,6,33299694,33314387,0.018360706,ENSG00000231925,I,TAP binding protein (tapasin) [Source:HGNC Symbol;Acc:HGNC:11566],4.889399359090909,4.501269289473685,4.91174396,4.89301585,0.3881300696172243,0.01872810999999963
THEMIS,6,127708072,127918631,0.022506554,ENSG00000172673,I,thymocyte selection associated [Source:HGNC Symbol;Acc:HGNC:21569],2.260898441999999,1.2131701510000001,3.3928453,1.9269267184999999,1.0477282909999988,1.4659185815
TNF,6,31575567,31578336,0.044657752,ENSG00000232810,I,tumor necrosis factor [Source:HGNC Symbol;Acc:HGNC:11892],-0.9344090290909091,-1.5401245157894738,0.4127939139999999,-0.7130695525,0.6057154866985648,1.1258634664999998
TNFAIP3,6,137867188,137883312,0.025412334,ENSG00000118503,I,"tumor necrosis factor, alpha-induced protein 3 [Source:HGNC Symbol;Acc:HGNC:11896]",4.553810527272727,4.022366305263159,4.55516178,4.59004835,0.5314442220095685,-0.03488657000000028
UBD,6,29555515,29559925,3.12332e-05,ENSG00000213886,I,ubiquitin D [Source:HGNC Symbol;Acc:HGNC:18795],2.8661805163636367,1.1925708715789471,3.5521649799999997,2.1418459575,1.6736096447846895,1.4103190224999995
CARD11,7,2906141,3043945,0.023579603,ENSG00000198286,I,"caspase recruitment domain family, member 11 [Source:HGNC Symbol;Acc:HGNC:16393]",2.9120727445454544,2.0034640042105263,3.3918655200000005,2.453692525,0.9086087403349281,0.9381729950000004
CCDC136,7,128790757,128822132,0.001952116,ENSG00000128596,II,coiled-coil domain containing 136 [Source:HGNC Symbol;Acc:HGNC:22225],2.847905231818182,3.295170631578948,3.1783477799999997,3.5880171,-0.44726539976076607,-0.40966932000000034
FAM131B,7,143353400,143362770,0.02791541,ENSG00000159784,II,"family with sequence similarity 131, member B [Source:HGNC Symbol;Acc:HGNC:22202]",-1.7364666840909093,-1.5222704999999999,-1.642245826,-1.9215264049999998,-0.21419618409090946,0.2792805789999999
LAMB4,7,108023548,108130356,0.04445948,ENSG00000091128,II,"laminin, beta 4 [Source:HGNC Symbol;Acc:HGNC:6491]",0.022993894090909076,1.5488691878947367,0.4296518399999999,1.6746171125,-1.5258752938038276,-1.2449652725
NCF1,7,74773962,74789315,0.047787305,ENSG00000158517,I,neutrophil cytosolic factor 1 [Source:HGNC Symbol;Acc:HGNC:7660],3.318511621818182,2.5515228231578946,3.71056716,2.6707649374999995,0.7669887986602872,1.0398022225000005
PRSS3P2,7,142748662,142774564,0.04028229,ENSG00000275896,I,"protease, serine, 3 pseudogene 2 [Source:HGNC Symbol;Acc:HGNC:43788]",-0.7612669127272728,-2.0282319999999996,-0.822834018,-1.5079004925,1.2669650872727267,0.6850664744999999
SAMD9L,7,93130055,93148369,0.01404819,ENSG00000177409,I,sterile alpha motif domain containing 9-like [Source:HGNC Symbol;Acc:HGNC:1349],5.559276895454545,4.9893206421052625,6.02083026,5.622778275,0.5699562533492823,0.3980519850000004
TRBC2,7,142670777,142802748,0.036428943,ENSG00000211772,I,T cell receptor beta constant 2 [Source:HGNC Symbol;Acc:HGNC:12157],3.024401432272728,2.0946076800000006,3.6656863800000004,2.731145625,0.9297937522727273,0.9345407550000004
TRBV25-1,7,142670740,142793141,0.03957173,ENSG00000211751,I,T cell receptor beta variable 25-1 [Source:HGNC Symbol;Acc:HGNC:12205],1.4777175890909093,0.33400547384210527,2.22741955,1.0075912224999999,1.1437121152488041,1.2198283275000001
TRBV27,7,142715346,142715861,0.038385347,ENSG00000211752,I,T cell receptor beta variable 27 [Source:HGNC Symbol;Acc:HGNC:12208],-2.9296791820454544,-3.5304007310526315,-2.082952492,-3.3046501499999996,0.6007215490071771,1.2216976579999996
TRBV28,7,142720660,142793255,0.034631286,ENSG00000211753,I,T cell receptor beta variable 28 [Source:HGNC Symbol;Acc:HGNC:12209],1.4617860377272727,0.1734546929473684,2.22012193,1.0731171625,1.2883313447799043,1.1470047675
TRBV5-6,7,142500028,142500534,0.013117323,ENSG00000211728,I,T cell receptor beta variable 5-6 [Source:HGNC Symbol;Acc:HGNC:12223],-2.0344733175454546,-3.199986828947368,-0.9961177699999999,-2.8177669749999996,1.1655135114019135,1.8216492049999997
TRBV7-6,7,142492132,142492673,0.009362271,ENSG00000211727,I,T cell receptor beta variable 7-6 [Source:HGNC Symbol;Acc:HGNC:12240],-2.285977682727273,-3.66550812631579,-1.567713994,-3.592650975,1.379530443588517,2.024936981
TRGC2,7,38239580,38368091,0.01143903,ENSG00000227191,I,T cell receptor gamma constant 2 [Source:HGNC Symbol;Acc:HGNC:12276],2.3205995445454546,1.3074969531578948,3.2947711739999996,1.9666447999999999,1.0131025913875598,1.3281263739999998
TRGV10,7,38299811,38300322,0.00856773,ENSG00000211694,I,T cell receptor gamma variable 10 (non- functional) [Source:HGNC Symbol;Acc:HGNC:12285],-0.07833137690909092,-1.9818427963157892,0.7586141199999998,-1.1218203712500001,1.9035114194066982,1.88043449125
TWIST1,7,19020991,19117672,0.010898361,ENSG00000122691,II,twist family bHLH transcription factor 1 [Source:HGNC Symbol;Acc:HGNC:12428],1.019145652909091,1.570080656736842,0.50379158,1.2898461575,-0.550935003827751,-0.7860545775
IDO1,8,39902275,39928444,0.002505309,ENSG00000131203,I,"indoleamine 2,3-dioxygenase 1 [Source:HGNC Symbol;Acc:HGNC:6059]",2.2836746477272727,0.4800290117368421,3.1623979399999995,1.9412207275,1.8036456359904305,1.2211772124999996
NUGGC,8,28021964,28083871,0.03302458,ENSG00000189233,I,"nuclear GTPase, germinal center associated [Source:HGNC Symbol;Acc:HGNC:33550]",0.44549045863636355,-1.374582870526316,0.33481939859999993,-0.262795565,1.8200733291626794,0.5976149635999999
RP1,8,54616067,54630834,3.12332e-05,ENSG00000104237,II,retinitis pigmentosa 1 (autosomal dominant) [Source:HGNC Symbol;Acc:HGNC:10263],-1.565177761818182,-0.1926024868421053,-2.168497078,-2.3455247750000003,-1.3725752749760767,0.1770276970000002
TOX,8,58805418,59119208,0.00655305,ENSG00000198846,I,thymocyte selection-associated high mobility group box [Source:HGNC Symbol;Acc:HGNC:18988],2.57173825,1.7039548188947369,3.3967282600000006,2.28611291,0.8677834311052632,1.1106153500000007
AKNA,9,114334156,114394405,0.028665794,ENSG00000106948,I,AT-hook transcription factor [Source:HGNC Symbol;Acc:HGNC:24108],4.996554977272727,4.513650526315789,5.31842064,4.763391575,0.482904450956938,0.5550290650000003
CA9,9,35673856,35681159,0.002633016,ENSG00000107159,II,carbonic anhydrase IX [Source:HGNC Symbol;Acc:HGNC:1383],-3.191802513636363,-2.035364894736843,-3.58661758,-2.822247525,-1.15643761889952,-0.7643700550000001
CD274,9,5450503,5470566,0.00112808,ENSG00000120217,I,CD274 molecule [Source:HGNC Symbol;Acc:HGNC:17635],2.393655095909091,1.0708512726315789,3.28663988,1.7525467250000002,1.3228038232775123,1.5340931549999999
DAPK1,9,87497228,87708633,0.047423907,ENSG00000196730,I,death-associated protein kinase 1 [Source:HGNC Symbol;Acc:HGNC:2674],5.86927055909091,5.384027557894737,6.23249826,5.6644161749999995,0.4852430011961726,0.5680820850000003
DBH,9,133636360,133659344,0.009565563,ENSG00000123454,I,dopamine beta-hydroxylase (dopamine beta- monooxygenase) [Source:HGNC Symbol;Acc:HGNC:2689],-1.3962452554545455,-2.6225704157894736,-0.3265657879999999,-2.2241681,1.226325160334928,1.897602312
DBH-AS1,9,133654586,133657313,0.002588749,ENSG00000225756,I,DBH antisense RNA 1 [Source:HGNC Symbol;Acc:HGNC:24155],-2.101683830681818,-3.375430184210526,-1.359238302,-3.3602482,1.2737463535287081,2.001009898
DDX58,9,32455705,32526324,0.011105314,ENSG00000107201,I,DEAD (Asp-Glu-Ala-Asp) box polypeptide 58 [Source:HGNC Symbol;Acc:HGNC:19102],4.969628240909091,4.57805555263158,5.24453284,5.095904825,0.39157268827751146,0.1486280149999999
DOCK8,9,214854,465259,0.018075408,ENSG00000107099,I,dedicator of cytokinesis 8 [Source:HGNC Symbol;Acc:HGNC:19191],6.680723159090908,6.150742689473684,7.052607019999999,6.45604125,0.5299804696172243,0.5965657699999989
SEMA4D,9,89360787,89498130,0.028447589,ENSG00000187764,I,"sema domain, immunoglobulin domain (Ig), transmembrane domain (TM) and short cytoplasmic domain, (semaphorin) 4D [Source:HGNC Symbol;Acc:HGNC:10732]",4.447803677272727,3.8776002736842097,4.60344582,4.043108475,0.5702034035885175,0.5603373449999998
SIT1,9,35649295,35650950,0.002577404,ENSG00000137078,I,signaling threshold regulating transmembrane adaptor 1 [Source:HGNC Symbol;Acc:HGNC:17710],-1.0032329668181819,-2.5277181010526313,-0.133381734,-0.9149082999999999,1.5244851342344494,0.7815265659999999
TMEM246,9,101473171,101533537,0.010463857,ENSG00000165152,II,transmembrane protein 246 [Source:HGNC Symbol;Acc:HGNC:28180],-0.29250266131818187,1.5804044052631578,-1.006826914,1.8689633,-1.8729070665813397,-2.8757902140000002
IFIT2,10,89301955,89309276,0.021433078,ENSG00000119922,I,interferon-induced protein with tetratricopeptide repeats 2 [Source:HGNC Symbol;Acc:HGNC:5409],3.932110436363636,3.448311415789473,4.18356414,4.183998,0.48379902057416313,-0.00043386000000023017
IFIT3,10,89327894,89340971,0.00545411,ENSG00000119917,I,interferon-induced protein with tetratricopeptide repeats 3 [Source:HGNC Symbol;Acc:HGNC:5411],4.116252863636364,3.6334928842105256,4.455313439999999,4.52475645,0.4827599794258379,-0.06944301000000053
IFIT5,10,89414586,89421001,0.003495358,ENSG00000152778,I,interferon-induced protein with tetratricopeptide repeats 5 [Source:HGNC Symbol;Acc:HGNC:13328],4.083781545454546,3.7077935473684205,4.2372993999999995,4.102859625000001,0.37598799808612515,0.13443977499999882
ITIH5,10,7559270,7666998,0.026935888,ENSG00000123243,II,"inter-alpha-trypsin inhibitor heavy chain family, member 5 [Source:HGNC Symbol;Acc:HGNC:21449]",2.6712978772727265,3.848890225789474,3.0487040199999997,3.86896685,-1.1775923485167477,-0.8202628300000003
LINC01515,10,65570338,65766541,0.042990703,ENSG00000228065,II,long intergenic non-protein coding RNA 1515 [Source:HGNC Symbol;Acc:HGNC:51210],-3.8091819136363636,-3.0535629821052632,-3.3340106599999997,-3.1102483000000003,-0.7556189315311004,-0.22376235999999938
PRF1,10,70597348,70602775,0.003605759,ENSG00000180644,I,perforin 1 (pore forming protein) [Source:HGNC Symbol;Acc:HGNC:9360],2.363161236363636,0.8354380752631579,3.60556932,1.8382398599999998,1.5277231611004782,1.76732946
PRKCQ,10,6427143,6580301,0.002588749,ENSG00000065675,I,"protein kinase C, theta [Source:HGNC Symbol;Acc:HGNC:9410]",2.4874147481818185,1.3756393421052633,3.2813748000000005,1.491679435,1.1117754060765552,1.7896953650000005
SPOCK2,10,72059035,72089032,0.044935774,ENSG00000107742,I,"sparc/osteonectin, cwcv and kazal-like domains proteoglycan (testican) 2 [Source:HGNC Symbol;Acc:HGNC:13564]",2.113439659227273,1.2701968015789473,2.4935683240000004,1.6672094149999999,0.8432428576483255,0.8263589090000005
BATF2,11,64987943,64997045,0.000447028,ENSG00000168062,I,"basic leucine zipper transcription factor, ATF-like 2 [Source:HGNC Symbol;Acc:HGNC:25163]",0.6423330353636364,-0.7006082968421051,1.70988946,0.7360755350000001,1.3429413322057415,0.973813925
BIRC3,11,102317450,102339403,0.027084924,ENSG00000023445,I,baculoviral IAP repeat containing 3 [Source:HGNC Symbol;Acc:HGNC:591],4.213777880000001,3.4738468105263163,4.302159080000001,4.1165093,0.7399310694736849,0.1856497800000012
CD3E,11,118304545,118316175,0.013727873,ENSG00000198851,I,"CD3e molecule, epsilon (CD3-TCR complex) [Source:HGNC Symbol;Acc:HGNC:1674]",3.1865807045454555,2.1846429578947366,3.9775770799999997,2.772220225,1.0019377466507189,1.2053568549999998
CD6,11,60971680,61020377,0.010463857,ENSG00000013725,I,CD6 molecule [Source:HGNC Symbol;Acc:HGNC:1691],2.476951647272727,1.5010930047368423,2.9109437199999997,2.3915254,0.9758586425358848,0.5194183199999998
CRTAM,11,122838500,122872639,0.005003118,ENSG00000109943,I,cytotoxic and regulatory T cell molecule [Source:HGNC Symbol;Acc:HGNC:24313],0.041392139863636435,-1.079556645368421,1.4722576,0.3687761125,1.1209487852320574,1.1034814875
GRIA4,11,105609994,105982092,0.028766582,ENSG00000152578,II,"glutamate receptor, ionotropic, AMPA 4 [Source:HGNC Symbol;Acc:HGNC:4574]",-0.172218350909091,1.205149982,-0.7554664900000001,1.1233213174999999,-1.377368332909091,-1.8787878075
LUZP2,11,24496970,25082631,0.035989676,ENSG00000187398,II,leucine zipper protein 2 [Source:HGNC Symbol;Acc:HGNC:23206],-3.546548393636364,-2.7143041789473688,-3.07940699,-3.5444897,-0.8322442146889952,0.46508271000000034
OAF,11,120210767,120230332,0.039954264,ENSG00000184232,II,OAF homolog (Drosophila) [Source:HGNC Symbol;Acc:HGNC:28752],0.9614288009090909,1.2261521873684214,0.27060413800000005,1.721104725,-0.26472338645933047,-1.450500587
PTPRCAP,11,67435510,67438067,0.033227194,ENSG00000213402,I,"protein tyrosine phosphatase, receptor type, C-associated protein [Source:HGNC Symbol;Acc:HGNC:9667]",0.4825650040909091,-0.5058770663157894,0.63734538,0.11983307499999998,0.9884420704066985,0.517512305
RARRES3,11,63536809,63546462,0.017800696,ENSG00000133321,I,retinoic acid receptor responder (tazarotene induced) 3 [Source:HGNC Symbol;Acc:HGNC:9869],2.4085243454545453,1.5827997357368424,3.19285504,2.338769,0.8257246097177029,0.8540860399999999
SMTNL1,11,57542641,57550274,3.12332e-05,ENSG00000214872,I,smoothelin-like 1 [Source:HGNC Symbol;Acc:HGNC:32394],1.733200894545455,0.572900783105263,1.9152664200000005,1.0483082875,1.1603001114401919,0.8669581325000004
TRIM21,11,4384897,4393696,0.003978258,ENSG00000132109,I,tripartite motif containing 21 [Source:HGNC Symbol;Acc:HGNC:11312],3.589851200000001,3.011934015789474,3.9596453000000005,3.2800226,0.5779171842105271,0.6796227000000004
UBE2L6,11,57551656,57568284,0.000702704,ENSG00000156587,I,ubiquitin-conjugating enzyme E2L 6 [Source:HGNC Symbol;Acc:HGNC:12490],3.0522755131818182,2.5497012000000003,3.27001638,3.1485768000000003,0.5025743131818179,0.12143957999999966
ARHGAP9,12,57472255,57488814,0.03843513,ENSG00000123329,I,Rho GTPase activating protein 9 [Source:HGNC Symbol;Acc:HGNC:14130],4.034612822727272,3.3285769789473676,4.42951216,3.485810475,0.7060358437799046,0.9437016849999997
ARHGEF25,12,57610180,57619379,0.00856773,ENSG00000240771,II,Rho guanine nucleotide exchange factor (GEF) 25 [Source:HGNC Symbol;Acc:HGNC:30275],3.4003136727272723,3.657133557894736,3.4271544,3.528442025,-0.2568198851674639,-0.10128762499999988
CLEC4E,12,8533305,8540963,0.011869532,ENSG00000166523,I,"C-type lectin domain family 4, member E [Source:HGNC Symbol;Acc:HGNC:14555]",-0.18642011645454534,-1.3871548131578946,0.95496314,0.5795850825,1.2007346967033492,0.3753780575000001
CLEC6A,12,8455926,8478330,0.036271602,ENSG00000205846,I,"C-type lectin domain family 6, member A [Source:HGNC Symbol;Acc:HGNC:14556]",-2.4144079167272725,-3.3871207999999995,-1.2465295699999999,-2.30465012,0.972712883272727,1.05812055
CNTN1,12,40692442,41072418,0.034631286,ENSG00000018236,II,contactin 1 [Source:HGNC Symbol;Acc:HGNC:2171],3.2312257818181824,3.7754701578947363,2.670854534,4.05019085,-0.5442443760765538,-1.3793363159999998
DHH,12,49089421,49094819,0.026545843,ENSG00000139549,II,desert hedgehog [Source:HGNC Symbol;Acc:HGNC:2865],-2.3835438591818185,-1.297423414736842,-2.3258162959999997,-1.9872849325000002,-1.0861204444449766,-0.33853136349999957
DNAJC22,12,49346917,49357546,0.03302458,ENSG00000178401,II,"DnaJ (Hsp40) homolog, subfamily C, member 22 [Source:HGNC Symbol;Acc:HGNC:25802]",-0.8888466807272725,-0.20638064,-0.72245461,0.09319707500000006,-0.6824660407272725,-0.8156516850000001
IFNG,12,68154768,68159747,0.000141029,ENSG00000111537,I,"interferon, gamma [Source:HGNC Symbol;Acc:HGNC:5438]",-0.9064851802272726,-2.9699048373684214,1.2864840000000002,-2.545116345,2.0634196571411487,3.831600345
KLRC4,12,10407382,10409757,0.03278623,ENSG00000183542,I,"killer cell lectin-like receptor subfamily C, member 4 [Source:HGNC Symbol;Acc:HGNC:6377]",1.522575382272727,0.9368095041052632,2.885579394,1.5484505225,0.5857658781674638,1.3371288715
KLRC4-KLRK1,12,10372353,10410146,0.0363572,ENSG00000255819,I,KLRC4-KLRK1 readthrough [Source:HGNC Symbol;Acc:HGNC:48357],3.248594788636363,2.6708157326315787,4.34396828,3.1583812,0.5777790560047844,1.1855870800000003
KLRD1,12,10226058,10329600,0.028766582,ENSG00000134539,I,"killer cell lectin-like receptor subfamily D, member 1 [Source:HGNC Symbol;Acc:HGNC:6378]",1.497446727727273,0.3159074405263158,2.850522444,1.334242165,1.1815392872009571,1.516280279
KRT18,12,52948871,52952901,0.010463857,ENSG00000111057,II,keratin 18 [Source:HGNC Symbol;Acc:HGNC:6430],2.3101004559090907,2.5291749035789475,1.7498827039999998,2.1486043,-0.21907444766985673,-0.39872159600000034
LAG3,12,6772512,6778455,0.000105168,ENSG00000089692,I,lymphocyte-activation gene 3 [Source:HGNC Symbol;Acc:HGNC:6476],1.4018149346818183,0.0805004143157895,2.859426274,1.40392881,1.3213145203660288,1.455497464
LYZ,12,69348341,69354234,0.04369301,ENSG00000090382,I,lysozyme [Source:HGNC Symbol;Acc:HGNC:6740],4.352167636363635,3.857985836842105,4.697715200000001,4.194927625,0.4941817995215301,0.502787575000001
MYBPC1,12,101568353,101686018,0.04390286,ENSG00000196091,II,"myosin binding protein C, slow type [Source:HGNC Symbol;Acc:HGNC:7549]",-0.5132916636363635,0.26906767315789465,-2.8591316,1.14362867,-0.7823593367942581,-4.00276027
NDUFA4L2,12,57234903,57240715,0.04054608,ENSG00000185633,II,"NADH dehydrogenase (ubiquinone) 1 alpha subcomplex, 4-like 2 [Source:HGNC Symbol;Acc:HGNC:29836]",-0.12295891363636366,0.3697412973684211,0.04314693400000004,0.6811158884999999,-0.4927002110047848,-0.6379689544999999
OAS2,12,112978395,113011723,0.003605759,ENSG00000111335,I,"2'-5'-oligoadenylate synthetase 2, 69/71kDa [Source:HGNC Symbol;Acc:HGNC:8087]",4.086639945454544,3.270524752631579,4.6019434200000005,4.522353775000001,0.8161151928229651,0.07958964499999954
OAS3,12,112938352,112973249,0.04745598,ENSG00000111331,I,"2'-5'-oligoadenylate synthetase 3, 100kDa [Source:HGNC Symbol;Acc:HGNC:8088]",4.839911613636364,4.082746678947369,4.83413642,4.8645357,0.757164934688995,-0.03039928000000014
PARP11,12,3791047,3873448,0.01063733,ENSG00000111224,I,"poly (ADP-ribose) polymerase family, member 11 [Source:HGNC Symbol;Acc:HGNC:1186]",2.817507659090909,2.629482394736842,3.3136509,2.82467555,0.18802526435406675,0.48897535000000003
PZP,12,9148840,9208370,0.016541636,ENSG00000126838,I,pregnancy-zone protein [Source:HGNC Symbol;Acc:HGNC:9750],3.437501425454545,2.684569847368421,4.409256320000001,2.5994701,0.7529315780861241,1.8097862200000008
EPSTI1,13,42886388,42992271,0.026545843,ENSG00000133106,I,epithelial stromal interaction 1 (breast) [Source:HGNC Symbol;Acc:HGNC:16465],3.9368647454545456,3.242579552631579,4.710831860000001,3.934337475,0.6942851928229667,0.7764943850000008
AKAP5,14,64465499,64474503,0.005734955,ENSG00000179841,I,A kinase (PRKA) anchor protein 5 [Source:HGNC Symbol;Acc:HGNC:375],2.2572637045454544,1.7506734142105262,3.2402728000000005,2.2953992999999997,0.5065902903349282,0.9448735000000008
ASB2,14,93934153,93976791,0.015036653,ENSG00000100628,I,ankyrin repeat and SOCS box containing 2 [Source:HGNC Symbol;Acc:HGNC:16012],1.3534041749999999,0.527448652631579,1.124707364,0.5935726075,0.8259555223684208,0.5311347565000001
CEP128,14,80476983,80959517,0.000517422,ENSG00000100629,I,centrosomal protein 128kDa [Source:HGNC Symbol;Acc:HGNC:20359],4.852906486363636,4.494880489473684,4.96791834,4.360289249999999,0.3580259968899524,0.6076290900000005
GCH1,14,54842008,54902852,0.002623879,ENSG00000131979,I,GTP cyclohydrolase 1 [Source:HGNC Symbol;Acc:HGNC:4193],2.816473909090909,2.063338271052632,3.67928322,2.7809612,0.7531356380382772,0.8983220199999997
PSME1,14,24136158,24138967,0.021509573,ENSG00000092010,I,"proteasome (prosome, macropain) activator subunit 1 (PA28 alpha) [Source:HGNC Symbol;Acc:HGNC:9568]",4.260925904545456,3.982571205263158,4.49429786,4.0716357,0.2783546992822976,0.4226621599999998
PSME2,14,24143362,24147570,0.041866243,ENSG00000100911,I,"proteasome (prosome, macropain) activator subunit 2 (PA28 beta) [Source:HGNC Symbol;Acc:HGNC:9569]",4.683874463636363,4.387653742105263,4.94435412,4.4228261,0.2962207215311006,0.5215280199999999
RTL1,14,100880655,100884847,0.000292684,ENSG00000254656,II,retrotransposon-like 1 [Source:HGNC Symbol;Acc:HGNC:14665],0.021274160909090956,-0.42412106315789483,-0.558729026,0.19716511099999995,0.4453952240669858,-0.7558941369999999
TRAC,14,22281105,22552155,0.022514723,ENSG00000277734,I,T cell receptor alpha constant [Source:HGNC Symbol;Acc:HGNC:12029],2.9419746909090914,2.252068246315789,3.6577795600000003,2.8572627500000003,0.6899064445933023,0.80051681
TRAJ1,14,22545037,22545098,0.015081163,ENSG00000211888,I,T cell receptor alpha joining 1 (non- functional) [Source:HGNC Symbol;Acc:HGNC:12037],-1.98474827,-3.5432116684210526,-1.5554665403999999,-3.294489675,1.5584633984210525,1.7390231346
TRAJ10,14,22533497,22533560,0.021678133,ENSG00000211879,I,T cell receptor alpha joining 10 [Source:HGNC Symbol;Acc:HGNC:12038],-0.8632214936363636,-2.076228684736842,-0.35076887799999995,-2.581379025,1.2130071911004783,2.230610147
TRAJ12,14,22531939,22531998,0.044305295,ENSG00000211877,I,T cell receptor alpha joining 12 [Source:HGNC Symbol;Acc:HGNC:12040],-0.9823059477272725,-2.1763573584210527,-0.36547465199999996,-2.59552475,1.1940514106937803,2.230050098
TRAJ13,14,22531076,22531138,0.011696368,ENSG00000211876,I,T cell receptor alpha joining 13 [Source:HGNC Symbol;Acc:HGNC:12041],-0.9921338104545453,-2.231164529473684,-0.6162017852,-2.6204086600000003,1.239030719019139,2.0042068748000004
TRAJ14,14,22530327,22530378,0.03843513,ENSG00000211875,I,T cell receptor alpha joining 14 [Source:HGNC Symbol;Acc:HGNC:12042],-2.0262119409090906,-3.3067983342105265,-1.280823016,-3.196410325,1.2805863933014359,1.915587309
TRAJ16,14,22528527,22528586,0.019822134,ENSG00000211873,I,T cell receptor alpha joining 16 [Source:HGNC Symbol;Acc:HGNC:12044],-1.469593699909091,-2.648709942105263,-1.016952218,-3.033391125,1.1791162421961718,2.0164389070000004
TRAJ17,14,22526844,22526906,0.015712485,ENSG00000211872,I,T cell receptor alpha joining 17 [Source:HGNC Symbol;Acc:HGNC:12045],-1.6704260854545454,-2.8946890421052633,-0.8355741059999999,-2.9741681,1.224262956650718,2.138593994
TRAJ18,14,22525650,22525715,0.013727873,ENSG00000211871,I,T cell receptor alpha joining 18 [Source:HGNC Symbol;Acc:HGNC:12046],-0.9347704053636363,-2.3949203721052625,-0.24484122640000003,-2.8557677999999997,1.4601499667416262,2.6109265735999996
TRAJ2,14,22544071,22544136,0.04054608,ENSG00000211887,I,T cell receptor alpha joining 2 (non- functional) [Source:HGNC Symbol;Acc:HGNC:12048],-2.3666964738181817,-3.3748251526315785,-1.6800525999999998,-3.50200845,1.0081286788133967,1.8219558500000002
TRAJ22,14,22522040,22522102,0.024758507,ENSG00000211867,I,T cell receptor alpha joining 22 [Source:HGNC Symbol;Acc:HGNC:12051],-2.164045049545454,-3.1947481515789478,-1.16954438,-2.9640077,1.0307031020334936,1.7944633199999998
TRAJ26,14,22518446,22518505,0.027239786,ENSG00000211863,I,T cell receptor alpha joining 26 [Source:HGNC Symbol;Acc:HGNC:12055],-0.5311144359090908,-1.5124366757894736,0.023612504000000013,-2.80465016,0.9813222398803828,2.828262664
TRAJ27,14,22516273,22516331,0.00856773,ENSG00000211862,I,T cell receptor alpha joining 27 [Source:HGNC Symbol;Acc:HGNC:12056],-2.496996507272727,-3.673418557894737,-1.6557168359999999,-3.398249025,1.1764220506220098,1.7425321890000003
TRAJ36,14,22505110,22505167,0.0277805,ENSG00000276699,I,T cell receptor alpha joining 36 [Source:HGNC Symbol;Acc:HGNC:12066],-1.6636600772727272,-3.050427394736842,-1.1041114,-3.05465015,1.3867673174641146,1.95053875
TRAJ38,14,22502231,22502292,0.014026433,ENSG00000211851,I,T cell receptor alpha joining 38 [Source:HGNC Symbol;Acc:HGNC:12068],-2.216610908272727,-3.498580247368421,-1.457846312,-3.5444896750000003,1.2819693390956939,2.0866433630000003
TRAJ42,14,22496887,22496952,0.002577404,ENSG00000211847,I,T cell receptor alpha joining 42 [Source:HGNC Symbol;Acc:HGNC:12073],-1.5977540577272729,-3.0119096263157896,-1.12864794,-2.8602482749999996,1.4141555685885168,1.7316003349999995
TRAJ43,14,22495913,22495966,0.005584112,ENSG00000211846,I,T cell receptor alpha joining 43 [Source:HGNC Symbol;Acc:HGNC:12074],-2.1703267343636363,-3.4588492999999993,-1.4383352280000001,-3.214007675,1.288522565636363,1.7756724469999998
TRAJ44,14,22494821,22494883,0.019821564,ENSG00000211845,I,T cell receptor alpha joining 44 [Source:HGNC Symbol;Acc:HGNC:12075],-1.9548545477272725,-3.0685667999999997,-1.198008524,-3.322247425,1.1137122522727272,2.124238901
TRAJ45,14,22493925,22493990,0.035074968,ENSG00000211844,I,T cell receptor alpha joining 45 [Source:HGNC Symbol;Acc:HGNC:12076],-2.4970620640909087,-3.625687463157895,-1.7643452839999998,-3.610248275,1.1286253990669861,1.8459029910000002
TRAJ5,14,22540247,22540306,0.002633016,ENSG00000211884,I,T cell receptor alpha joining 5 [Source:HGNC Symbol;Acc:HGNC:12081],-1.6744934631818182,-3.074410531578947,-1.254658032,-3.044489675,1.3999170683971287,1.7898316429999999
TRAJ50,14,22488593,22488652,0.045371726,ENSG00000211839,I,T cell receptor alpha joining 50 [Source:HGNC Symbol;Acc:HGNC:12082],-2.608005765181818,-3.730950589473684,-1.80352934,-3.464007675,1.1229448242918663,1.6604783349999999
TRAJ52,14,22486228,22486296,0.044677563,ENSG00000211838,I,T cell receptor alpha joining 52 [Source:HGNC Symbol;Acc:HGNC:12084],-3.086415871818182,-3.8395832894736843,-2.0777534799999997,-3.9362499499999997,0.7531674176555021,1.85849647
TRAV4,14,21736152,21736982,0.039642908,ENSG00000211778,I,T cell receptor alpha variable 4 [Source:HGNC Symbol;Acc:HGNC:12140],-1.822424522272727,-2.906646510526316,-0.4454270712,-2.2508969999999997,1.084221988253589,1.8054699287999996
TRAV8-3,14,21852558,21853006,0.022514723,ENSG00000211787,I,T cell receptor alpha variable 8-3 [Source:HGNC Symbol;Acc:HGNC:12148],-2.0708252063636365,-3.1411732999999997,-1.0972672244,-2.891630925,1.0703480936363632,1.7943637006
WARS,14,100333788,100376805,0.003978258,ENSG00000140105,I,tryptophanyl-tRNA synthetase [Source:HGNC Symbol;Acc:HGNC:12729],5.808339104545454,5.187597836842105,6.121937739999999,5.45630845,0.620741267703349,0.6656292899999992
HAPLN3,15,88877288,88895626,0.039642908,ENSG00000140511,I,hyaluronan and proteoglycan link protein 3 [Source:HGNC Symbol;Acc:HGNC:21446],2.918224263636364,2.2715112560526314,2.88475634,2.735726075,0.6467130075837324,0.14903026499999994
PATL2,15,44665732,44711316,0.013117323,ENSG00000229474,I,protein associated with topoisomerase II homolog 2 (yeast) [Source:HGNC Symbol;Acc:HGNC:33630],2.2770874322727277,1.544589406842105,2.7944777400000005,1.7851542075000002,0.7324980254306226,1.0093235325000003
SLC27A2,15,50182196,50236395,0.012402471,ENSG00000140284,I,"solute carrier family 27 (fatty acid transporter), member 2 [Source:HGNC Symbol;Acc:HGNC:10996]",-0.4685091414545454,-1.6724946457894738,0.92458186,0.1095863775,1.2039855043349283,0.8149954825
TRIM69,15,44728988,44767829,0.04445948,ENSG00000185880,I,tripartite motif containing 69 [Source:HGNC Symbol;Acc:HGNC:17857],1.2169137713636362,0.5834413663157895,1.8752998799999996,0.96872759,0.6334724050478467,0.9065722899999996
SEP1,16,30378133,30395991,0.02823468,ENSG00000180096,I,septin 1 [Source:HGNC Symbol;Acc:HGNC:2879],3.1435135409090904,2.4905771368421044,3.4708568200000003,2.374414125,0.652936404066986,1.0964426950000004
CORO1A,16,30182827,30189076,0.043243453,ENSG00000102879,I,"coronin, actin binding protein, 1A [Source:HGNC Symbol;Acc:HGNC:2252]",4.392955281818181,3.829040457894737,4.705095399999999,4.088625975,0.5639148239234442,0.6164694249999991
CYLD,16,50742050,50801935,0.049067836,ENSG00000083799,I,cylindromatosis (turban tumor syndrome) [Source:HGNC Symbol;Acc:HGNC:2584],5.683320754545455,5.450083778947367,5.91948354,5.409384025,0.23323697559808743,0.5100995150000003
GPR114,16,57542421,57591681,0.015712485,ENSG00000159618,I,G protein-coupled receptor 114 [Source:HGNC Symbol;Acc:HGNC:19010],0.5208764156818181,-1.0027303263157892,1.5216115399999999,-0.2799227625,1.5236067419976074,1.8015343025
IRF8,16,85898803,85922609,0.03642223,ENSG00000140968,I,interferon regulatory factor 8 [Source:HGNC Symbol;Acc:HGNC:5358],4.165044813636364,3.5650161947368426,4.50990634,3.56643155,0.600028618899521,0.9434747899999998
ITGAD,16,31393312,31426505,0.003763987,ENSG00000156886,I,"integrin, alpha D [Source:HGNC Symbol;Acc:HGNC:6146]",1.7931401571363639,0.6194033321052632,2.859833648,0.29376928249999995,1.1737368250311007,2.5660643655
ITGAL,16,30472658,30523185,0.002633016,ENSG00000005844,I,"integrin, alpha L (antigen CD11A (p180), lymphocyte function-associated antigen 1; alpha polypeptide) [Source:HGNC Symbol;Acc:HGNC:6148]",4.549290704545455,3.577587794736843,5.35880306,3.937499725,0.9717029098086121,1.4213033349999997
NLRC3,16,3539033,3577400,0.000710874,ENSG00000167984,I,"NLR family, CARD domain containing 3 [Source:HGNC Symbol;Acc:HGNC:29889]",2.8762820718181814,1.7315434284210527,3.16015448,2.267593775,1.1447386433971287,0.8925607050000002
NLRC5,16,56989485,57083531,0.008306198,ENSG00000140853,I,"NLR family, CARD domain containing 5 [Source:HGNC Symbol;Acc:HGNC:29933]",6.0643329681818186,5.389703242105262,6.37463908,5.68816735,0.6746297260765566,0.6864717300000001
PSMB10,16,67934502,67937087,0.002588749,ENSG00000205220,I,"proteasome (prosome, macropain) subunit, beta type, 10 [Source:HGNC Symbol;Acc:HGNC:9538]",3.570377290909091,3.104636184210527,3.71082832,3.2728975,0.46574110669856417,0.43793082000000005
RLTPR,16,67644919,67657569,0.008026688,ENSG00000159753,I,"RGD motif, leucine rich repeats, tropomodulin domain and proline-rich containing [Source:HGNC Symbol;Acc:HGNC:27089]",2.0953782886363634,0.7494399110526315,2.3625269099999997,1.412389685,1.345938377583732,0.9501372249999998
SPN,16,29662979,29670876,0.03243842,ENSG00000197471,I,sialophorin [Source:HGNC Symbol;Acc:HGNC:11249],1.5615902607272725,0.6407199023684211,2.498069504,1.4920416975,0.9208703583588513,1.0060278065000001
SYNGR3,16,1989660,1994275,0.00856773,ENSG00000127561,I,synaptogyrin 3 [Source:HGNC Symbol;Acc:HGNC:11501],-2.2115640677272723,-3.7761901052631575,-1.891831266,-3.5064889,1.5646260375358851,1.6146576339999998
CCL3,17,36088256,36090169,0.003305011,ENSG00000277632,I,chemokine (C-C motif) ligand 3 [Source:HGNC Symbol;Acc:HGNC:10627],3.2524496618181824,2.260654095263158,3.9559958,3.410688725,0.9917955665550244,0.5453070750000002
CCL3L3,17,36194869,36196758,0.002588749,ENSG00000276085,I,chemokine (C-C motif) ligand 3-like 3 [Source:HGNC Symbol;Acc:HGNC:30554],1.9176609872727275,1.0152656452631579,2.2293836,2.236129325,0.9023953420095696,-0.006745725000000036
CCL4,17,36103590,36105621,0.000447028,ENSG00000275302,I,chemokine (C-C motif) ligand 4 [Source:HGNC Symbol;Acc:HGNC:10630],3.2130707927272724,2.1481635168421054,4.009456,3.236058775,1.064907275885167,0.7733972250000001
CCL4L1,17,36210924,36212878,0.00563532,ENSG00000276070,I,chemokine (C-C motif) ligand 4-like 1 [Source:HGNC Symbol;Acc:HGNC:10631],1.4900606699999999,0.33028056410526313,2.1295261,1.6201345825,1.1597801058947368,0.5093915175000001
CCL5,17,35871491,35880793,0.000865648,ENSG00000271503,I,chemokine (C-C motif) ligand 5 [Source:HGNC Symbol;Acc:HGNC:10632],2.4686966068181815,1.4252463486842102,3.17637588,2.4262528249999997,1.0434502581339713,0.7501230550000004
CD7,17,82314868,82317602,0.002071942,ENSG00000173762,I,CD7 molecule [Source:HGNC Symbol;Acc:HGNC:1695],-0.19011996568181821,-2.000039250526316,0.70124536,-0.7695796200000001,1.8099192848444976,1.4708249800000002
GSG2,17,3723903,3726699,0.015081163,ENSG00000177602,I,germ cell associated 2 (haspin) [Source:HGNC Symbol;Acc:HGNC:19682],2.6938745818181813,1.7995311736842101,2.82312956,2.17485965,0.8943434081339712,0.6482699099999998
IKZF3,17,39757721,39864188,0.002577404,ENSG00000161405,I,IKAROS family zinc finger 3 (Aiolos) [Source:HGNC Symbol;Acc:HGNC:13178],2.5508548151818182,1.1893790815789473,3.59037608,2.1393632825,1.3614757336028709,1.4510127974999998
ITGAE,17,3714628,3801243,0.005584112,ENSG00000083457,I,"integrin, alpha E (antigen CD103, human mucosal lymphocyte antigen 1; alpha polypeptide) [Source:HGNC Symbol;Acc:HGNC:6147]",3.49268555909091,2.7470811352631577,3.8012086200000006,3.025255575,0.7456044238277522,0.7759530450000005
RNF157,17,76142453,76240373,0.026545843,ENSG00000141576,II,ring finger protein 157 [Source:HGNC Symbol;Acc:HGNC:29402],3.068336343181818,3.7131529999999997,3.2101123200000004,3.942083275,-0.6448166568181817,-0.7319709549999995
RNF157-AS1,17,76140556,76154650,0.03642223,ENSG00000267128,II,RNF157 antisense RNA 1 [Source:HGNC Symbol;Acc:HGNC:44127],-2.470636953409091,-1.3935771131578945,-2.80352927,-0.9766814825,-1.0770598402511966,-1.8268477874999998
SLFN12L,17,35464249,35537861,0.000966043,ENSG00000205045,I,schlafen family member 12-like [Source:HGNC Symbol;Acc:HGNC:33920],3.314382954545455,2.151636702631579,4.396865719999999,2.77860195,1.1627462519138758,1.618263769999999
SLFN14,17,35548125,35558098,0.002888696,ENSG00000236320,I,schlafen family member 14 [Source:HGNC Symbol;Acc:HGNC:32689],-0.22131508790909082,-1.5498890089473683,0.3624467000000001,-1.7772700924999998,1.3285739210382774,2.1397167925
SLFN5,17,35243036,35273655,0.019119887,ENSG00000166750,I,schlafen family member 5 [Source:HGNC Symbol;Acc:HGNC:28286],5.3282800590909085,5.032078778947368,5.75507098,5.376315399999999,0.2962012801435403,0.37875558000000087
TBX21,17,47733244,47746119,0.000129588,ENSG00000073861,I,T-box 21 [Source:HGNC Symbol;Acc:HGNC:11599],0.15994973190909087,-1.5079837012631578,1.3413917400000002,0.022055139999999918,1.6679334331722486,1.3193366000000002
TMC8,17,78130770,78142968,0.021678133,ENSG00000167895,I,transmembrane channel-like 8 [Source:HGNC Symbol;Acc:HGNC:20474],3.9100488318181816,3.054362747368421,4.3177075600000006,3.3156842500000003,0.8556860844497605,1.0020233100000002
WNT3,17,46762506,46833154,0.015053084,ENSG00000108379,II,"wingless-type MMTV integration site family, member 3 [Source:HGNC Symbol;Acc:HGNC:12782]",-2.155993778409091,-0.852054568421053,-1.2743387959999999,-0.949910915,-1.303939209988038,-0.32442788099999986
XAF1,17,6755447,6775647,0.006223748,ENSG00000132530,I,XIAP associated factor 1 [Source:HGNC Symbol;Acc:HGNC:30932],4.42654435,3.646438368421053,4.869888980000001,4.4103942,0.7801059815789473,0.4594947800000009
ARRDC5,19,4890437,4902867,0.021509573,ENSG00000205784,I,arrestin domain containing 5 [Source:HGNC Symbol;Acc:HGNC:31407],1.6990589518181827,0.642734887368421,2.08769115,0.43299210499999996,1.0563240644497616,1.654699045
BST2,19,17402939,17405648,0.03642223,ENSG00000130303,I,bone marrow stromal cell antigen 2 [Source:HGNC Symbol;Acc:HGNC:1119],2.5764047772727268,1.8263896521052634,2.80935912,2.56965755,0.7500151251674634,0.2397015699999998
CD79A,19,41877120,41881372,0.046766397,ENSG00000105369,I,"CD79a molecule, immunoglobulin-associated alpha [Source:HGNC Symbol;Acc:HGNC:1698]",1.176015893181818,-0.27841446105263157,-0.2248649939999999,-0.24840096,1.4544303542344497,0.023535966000000103
DENND1C,19,6467207,6482557,0.045281257,ENSG00000205744,I,DENN/MADD domain containing 1C [Source:HGNC Symbol;Acc:HGNC:26225],2.281214776363637,1.506997420842105,2.684205314,1.9562275624999999,0.7742173555215317,0.7279777515000003
HSH2D,19,16134028,16158575,0.018011024,ENSG00000196684,I,hematopoietic SH2 domain containing [Source:HGNC Symbol;Acc:HGNC:24920],1.0725683836363635,-0.45760944031578943,1.5605014400000001,0.6816498424999999,1.5301778239521528,0.8788515975000002
IL12RB1,19,18058995,18098944,0.001149857,ENSG00000096996,I,"interleukin 12 receptor, beta 1 [Source:HGNC Symbol;Acc:HGNC:5971]",2.5370371886363636,1.1367274413157897,3.5816085600000003,1.77558025,1.400309747320574,1.8060283100000003
IL4I1,19,49889654,49929539,0.001915392,ENSG00000104951,I,interleukin 4 induced 1 [Source:HGNC Symbol;Acc:HGNC:19094],2.486600086363636,1.2023963724736841,2.65208568,1.9649299075,1.2842037138899518,0.6871557724999999
KIR2DL4,19,54803535,54814517,0.033227194,ENSG00000189013,I,"killer cell immunoglobulin-like receptor, two domains, long cytoplasmic tail, 4 [Source:HGNC Symbol;Acc:HGNC:6332]",-0.9321767790909091,-2.945488737368421,1.0077750399999998,-0.928362635,2.013311958277512,1.936137675
KIR3DX1,19,54532692,54545771,0.04129446,ENSG00000104970,I,"killer cell immunoglobulin-like receptor, three domains, X1 [Source:HGNC Symbol;Acc:HGNC:25043]",-2.7835954413636363,-3.7042957868421054,-0.7612622979999999,-2.860248275,0.920700345478469,2.098985977
LILRA4,19,54333185,54339150,0.024758507,ENSG00000239961,I,"leukocyte immunoglobulin-like receptor, subfamily A (with TM domain), member 4 [Source:HGNC Symbol;Acc:HGNC:15503]",0.6916401204545455,-0.5029284278947369,0.8577897520000001,-0.04133835749999998,1.1945685483492823,0.8991281095000001
MAP4K1,19,38587641,38618882,0.008354574,ENSG00000104814,I,mitogen-activated protein kinase kinase kinase kinase 1 [Source:HGNC Symbol;Acc:HGNC:6863],3.45376833,2.8223971000000003,3.964077879999999,2.83023465,0.6313712299999996,1.1338432299999992
NCR1,19,54906150,54916140,0.00856773,ENSG00000189430,I,natural cytotoxicity triggering receptor 1 [Source:HGNC Symbol;Acc:HGNC:6731],-0.8162637956818183,-2.5782362052631576,0.075271752,-1.811148845,1.7619724095813392,1.8864205969999999
NKG7,19,51371606,51372715,0.000966043,ENSG00000105374,I,natural killer cell granule protein 7 [Source:HGNC Symbol;Acc:HGNC:7830],-0.13580312454545448,-1.7242332750526315,1.5458716000000001,0.16255549749999992,1.588430150507177,1.3833161025000003
NLRP7,19,54923509,54966312,0.02796676,ENSG00000167634,I,"NLR family, pyrin domain containing 7 [Source:HGNC Symbol;Acc:HGNC:22947]",-0.9801213931818179,-2.4769955399999994,-0.5140375579999998,-2.2198996175000003,1.4968741468181817,1.7058620595000005
RASAL3,19,15451624,15464571,0.02723589,ENSG00000105122,I,RAS protein activator like 3 [Source:HGNC Symbol;Acc:HGNC:26129],2.5862427225454545,1.7686455215789472,3.12351632,1.9820529985,0.8175972009665073,1.1414633214999999
ZNF101,19,19668796,19683509,0.03947823,ENSG00000181896,I,zinc finger protein 101 [Source:HGNC Symbol;Acc:HGNC:12881],3.399015131818182,3.2083847947368422,3.8202416599999998,3.61114865,0.1906303370813398,0.2090930099999997
CST7,20,24949230,24959928,0.00545411,ENSG00000077984,I,cystatin F (leukocystatin) [Source:HGNC Symbol;Acc:HGNC:2479],1.5727862790909093,0.6883324321052631,2.622225174,1.5899004849999998,0.8844538469856462,1.0323246890000002
PPP1R16B,20,38805705,38923024,0.011037452,ENSG00000101445,I,"protein phosphatase 1, regulatory subunit 16B [Source:HGNC Symbol;Acc:HGNC:15850]",2.335219425454546,1.3529212597368419,2.8185910400000003,1.863543895,0.9822981657177043,0.9550471450000002
RBM38,20,57391407,57409333,0.00722351,ENSG00000132819,I,RNA binding motif protein 38 [Source:HGNC Symbol;Acc:HGNC:15818],1.9387172090909095,1.2714922631578947,1.51458914,1.7627921,0.6672249459330148,-0.24820295999999997
SIRPG,20,1629152,1657779,0.001501811,ENSG00000089012,I,signal-regulatory protein gamma [Source:HGNC Symbol;Acc:HGNC:15757],1.292229498181818,-0.26627011526315786,2.458770948,0.7728699425,1.558499613444976,1.6859010055000003
SLA2,20,36612318,36646216,0.002479496,ENSG00000101082,I,Src-like-adaptor 2 [Source:HGNC Symbol;Acc:HGNC:17329],0.9607303131818186,-0.0029698547368420345,1.7437680240000002,0.9842426074999999,0.9637001679186606,0.7595254165000003
ZBP1,20,57603846,57620576,0.026624253,ENSG00000124256,I,Z-DNA binding protein 1 [Source:HGNC Symbol;Acc:HGNC:16176],1.7284661717272727,0.13583807421052632,2.1595027214,1.2611854649999998,1.5926280975167464,0.8983172564000002
ZNF831,20,59191020,59259113,0.005046137,ENSG00000124203,I,zinc finger protein 831 [Source:HGNC Symbol;Acc:HGNC:16167],1.8099620795454543,0.5168578609473684,2.71635981,0.8397015250000001,1.2931042185980859,1.876658285
ZNFX1,20,49237946,49278426,0.002588749,ENSG00000124201,I,"zinc finger, NFX1-type containing 1 [Source:HGNC Symbol;Acc:HGNC:29271]",6.157595309090909,5.831658363157894,6.25726326,6.081684125000001,0.32593694593301503,0.17557913499999955
MX1,21,41420304,41459214,0.02048421,ENSG00000157601,I,MX dynamin-like GTPase 1 [Source:HGNC Symbol;Acc:HGNC:7532],4.8271071,4.285053147368421,5.25150092,5.0012888,0.5420539526315791,0.2502121199999996
TMPRSS3,21,42371890,42396846,0.008354574,ENSG00000160183,I,"transmembrane protease, serine 3 [Source:HGNC Symbol;Acc:HGNC:11877]",0.6722732416818179,-1.3744102369473685,0.972715784,-0.5061478349999998,2.0466834786291863,1.4788636189999997
UBASH3A,21,42403899,42447681,0.000882438,ENSG00000160185,I,ubiquitin associated and SH3 domain containing A [Source:HGNC Symbol;Acc:HGNC:12462],1.6008532550000003,0.36650116947368416,2.76177758,0.7775636625000001,1.2343520855263161,1.9842139175
ADORA2A,22,24417879,24442360,0.033764847,ENSG00000128271,I,adenosine A2a receptor [Source:HGNC Symbol;Acc:HGNC:263],0.8863234928636362,0.1779816767368421,1.20857482,1.0096845235,0.7083418161267941,0.1988902964999999
APOL2,22,36226203,36239954,0.02621758,ENSG00000128335,I,"apolipoprotein L, 2 [Source:HGNC Symbol;Acc:HGNC:619]",4.102973631818182,3.562512284210526,4.33310452,3.889398,0.5404613476076561,0.4437065200000001
APOL6,22,35648395,35668409,0.021678133,ENSG00000221963,I,"apolipoprotein L, 6 [Source:HGNC Symbol;Acc:HGNC:14870]",4.409172295454545,3.7596165631578935,4.81937826,4.298441800000001,0.6495557322966516,0.5209364599999988
CECR1,22,17178790,17221989,0.04945134,ENSG00000093072,I,"cat eye syndrome chromosome region, candidate 1 [Source:HGNC Symbol;Acc:HGNC:1839]",3.8936242636363643,3.485541863157895,4.7765258600000005,4.1860155500000005,0.40808240047846933,0.59051031
IGLL5,22,22734620,22896107,0.019718466,ENSG00000254709,I,immunoglobulin lambda-like polypeptide 5 [Source:HGNC Symbol;Acc:HGNC:38476],4.404403036363636,3.704975342105264,3.3599044214000005,3.886099275,0.6994276942583721,-0.5261948535999994
IL2RB,22,37125838,37175054,0.002588749,ENSG00000100385,I,"interleukin 2 receptor, beta [Source:HGNC Symbol;Acc:HGNC:6009]",2.4198189972727273,1.2130726342105267,3.2583946600000004,2.0170570624999997,1.2067463630622006,1.2413375975000007
RBFOX2,22,35738736,36028425,0.010898361,ENSG00000100320,II,"RNA binding protein, fox-1 homolog (C. elegans) 2 [Source:HGNC Symbol;Acc:HGNC:9906]",4.772608654545455,4.865650447368421,4.631510459999999,4.736408625,-0.09304179282296587,-0.10489816500000071
TST,22,37010859,37020183,0.015848972,ENSG00000128311,II,thiosulfate sulfurtransferase (rhodanese) [Source:HGNC Symbol;Acc:HGNC:12388],-1.1913411560454545,-0.30242580315789475,-1.110334428,-0.3197029225,-0.8889153528875597,-0.7906315055
CXCR3,X,71615916,71618517,0.04129446,ENSG00000186810,I,chemokine (C-X-C motif) receptor 3 [Source:HGNC Symbol;Acc:HGNC:4540],-1.9665861942727274,-2.8911222052631578,-1.3703652659999999,-1.255550795,0.9245360109904304,-0.11481447099999986
FRMPD3,X,107522450,107605251,0.000447028,ENSG00000147234,I,FERM and PDZ domain containing 3 [Source:HGNC Symbol;Acc:HGNC:29382],-0.03710475590909086,-1.7329249952631576,0.87664656,-0.10120483750000006,1.6958202393540667,0.9778513975
GDPD2,X,70423031,70433390,0.019119887,ENSG00000130055,II,glycerophosphodiester phosphodiesterase domain containing 2 [Source:HGNC Symbol;Acc:HGNC:25974],-0.7790287450000001,0.3629809539473684,-0.29995971200000004,-0.803043585,-1.1420096989473685,0.5030838729999999
GPR174,X,79170972,79172229,0.021509573,ENSG00000147138,I,G protein-coupled receptor 174 [Source:HGNC Symbol;Acc:HGNC:30245],2.061441604545454,1.1431385178947369,2.864820148,1.400300965,0.9183030866507171,1.4645191830000002
IL2RG,X,71107404,71112108,0.036271602,ENSG00000147168,I,"interleukin 2 receptor, gamma [Source:HGNC Symbol;Acc:HGNC:6010]",3.3255070886363636,2.4114861121578945,3.93805172,2.9259576750000003,0.914020976478469,1.0120940449999996
OPHN1,X,68042344,68433913,0.02048421,ENSG00000079482,II,oligophrenin 1 [Source:HGNC Symbol;Acc:HGNC:8148],4.208354781818181,4.429002605263158,3.900946640000001,4.145673675,-0.22064782344497758,-0.24472703499999948
P2RY10,X,78945332,78961954,0.026710724,ENSG00000078589,I,"purinergic receptor P2Y, G-protein coupled, 10 [Source:HGNC Symbol;Acc:HGNC:19906]",0.7560579742272729,-1.0253476367368421,1.37286904,0.526769975,1.7814056109641152,0.8460990650000001
P2RY8,X,1462572,1537107,0.011953455,ENSG00000182162,I,"purinergic receptor P2Y, G-protein coupled, 8 [Source:HGNC Symbol;Acc:HGNC:15524]",0.8728346500000002,-0.08733362963157892,1.5182872079999998,0.6790928649999999,0.9601682796315791,0.839194343
PIM2,X,48913182,48919024,0.024853671,ENSG00000102096,I,"Pim-2 proto-oncogene, serine/threonine kinase [Source:HGNC Symbol;Acc:HGNC:8987]",2.2359855731818175,1.2573236694736842,1.9586508814,2.0125032249999997,0.9786619037081332,-0.053852343599999575
SH2D1A,X,124346344,124373155,0.02328926,ENSG00000183918,I,SH2 domain containing 1A [Source:HGNC Symbol;Acc:HGNC:10820],0.6744852681818182,-0.588913987368421,1.93649726,0.08131495000000005,1.2633992555502394,1.85518231
SYTL5,X,38006582,38128819,0.003978258,ENSG00000147041,II,synaptotagmin-like 5 [Source:HGNC Symbol;Acc:HGNC:15589],-1.1845624346363637,0.5983611215789473,-2.63922444,-1.0555569949999999,-1.782923556215311,-1.5836674450000001
